230
524520
1048806
1573084
2097352
2621626
3145908
3670192
4194482
4718782
5243086
5767390
6291684
6815980
7340274
7864570
8388868
8913158
9437446
9961732
10486008
11010280
11534546
12058808
12583060
13107316
13631578
14155840
14680120
15204414
15728712
16253006
16777294
17301580
17825852
18350114
18874398
19398696
19922996
20447308
20971622
21495938
22020248
22544536
23068828
23593124
24117422
24641720
25166008
25690298
26214586
26738876
27263166
27787458
28311752
28836042
29360330
29884620
30408906
30933186
31457456
31981718
32505982
33030254
33554536
34078816
34603090
35127370
35651654
36175934
36700206
37224506
37748810
38273112
38797410
39321712
39846014
40370314
40894618
41418922
41943222
42467524
42991824
43516122
44040416
44564708
45089002
45613292
46137578
46661864
47186148
47710432
48234716
48758996
49283272
49807544
50331812
50856080
51380344
51904610
52428888
52953166
53477458
54001766
54526092
55050418
55574732
56099038
56623334
57147630
57671932
58196232
58720520
59244808
59769084
60293360
60817638
61341912
61866190
62390470
62914754
63439038
63963326
64487616
65011902
65536194
66060490
66584782
1276
525566
1049850
1574124
2098400
2622680
3146960
3671242
4195530
4719826
5244126
5768430
6292728
6817024
7341320
7865616
8389912
8914200
9438484
9962764
10487042
11011312
11535584
12059850
12584108
13108368
13632628
14156890
14681160
15205446
15729744
16254032
16778314
17302588
17826856
18351126
18875414
19399710
19924014
20448326
20972636
21496948
22021250
22545540
23069836
23594134
24118434
24642732
25167028
25691330
26215630
26739924
27264212
27788502
28312794
28837082
29361372
29885662
30409942
30934214
31458478
31982734
32506990
33031258
33555532
34079806
34604084
35128370
35652660
36176944
36701218
37225512
37749820
38274128
38798432
39322734
39847032
40371334
40895640
41419950
41944254
42468552
42992850
43517144
44041436
44565728
45090020
45614312
46138604
46662896
47187184
47711468
48235748
48760028
49284304
49808578
50332850
50857120
51381386
51905646
52429912
52954192
53478488
54002808
54527132
55051456
55575766
56100068
56624366
57148662
57672956
58197248
58721534
59245816
59770094
60294368
60818640
61342914
61867188
62391472
62915760
63440056
63964348
64488640
65012934
65537228
66061518
66585812
2314
526602
1050884
1575162
2099438
2623716
3147994
3672278
4196568
4720864
5245164
5769468
6293766
6818062
7342358
7866654
8390948
8915238
9439516
9963792
10488066
11012340
11536614
12060886
12585148
13109412
13633672
14157932
14682196
15206474
15730768
16255054
16779332
17303608
17827880
18352156
18876440
19400736
19925038
20449342
20973646
21497948
22022242
22546536
23070832
23595136
24119436
24643738
25168044
25692352
26216656
26740958
27265254
27789542
28313834
28838120
29362406
29886688
30410964
30935230
31459488
31983740
32507994
33032258
33556528
34080806
34605090
35129382
35653672
36177960
36702246
37226538
37750840
38275148
38799454
39323758
39848062
40372372
40896680
41420986
41945286
42469580
42993878
43518170
44042462
44566750
45091038
45615334
46139628
46663926
47188218
47712498
48236776
48761058
49285340
49809620
50333894
50858172
51382446
51906704
52430966
52955244
53479540
54003852
54528178
55052490
55576794
56101094
56625392
57149686
57673976
58198260
58722542
59246822
59771100
60295374
60819642
61343912
61868186
62392470
62916766
63441070
63965368
64489666
65013966
65538252
66062542
66586834
3338
527618
1051898
1576180
2100460
2624736
3149016
3673306
4197598
4721896
5246198
5770500
6294794
6819092
7343388
7867684
8391980
8916268
9440544
9964818
10489088
11013358
11537632
12061912
12586178
13110444
13634710
14158970
14683232
15207506
15731794
16256080
16780362
17304642
17828918
18353196
18877480
19401770
19926062
20450356
20974648
21498944
22023230
22547526
23071824
23596126
24120430
24644738
25169048
25693360
26217672
26741980
27266278
27790576
28314866
28839150
29363428
29887702
30411974
30936234
31460490
31984742
32508994
33033260
33557532
34081814
34606104
35130396
35654694
36178984
36703274
37227570
37751868
38276172
38800482
39324798
39849108
40373416
40897720
41422024
41946324
42470618
42994908
43519196
44043484
44567774
45092072
45616366
46140666
46664960
47189244
47713526
48237806
48762094
49286380
49810662
50334940
50859226
51383504
51907772
52432040
52956314
53480598
54004896
54529212
55053520
55577820
56102118
56626414
57150706
57674988
58199268
58723550
59247826
59772098
60296370
60820638
61344910
61869188
62393476
62917782
63442088
63966390
64490690
65014988
65539276
66063562
66587854
4354
528626
1052904
1577186
2101462
2625742
3150030
3674322
4198622
4722926
5247224
5771524
6295820
6820116
7344414
7868710
8393004
8917290
9441570
9965842
10490106
11014376
11538646
12062920
12587194
13111464
13635732
14160000
14684268
15208538
15732820
16257108
16781396
17305678
17829960
18354240
18878520
19402806
19927092
20451374
20975660
21499948
22024234
22548520
23072808
23597106
24121412
24645724
25170040
25694362
26218684
26742996
27267300
27791596
28315882
28840162
29364436
29888708
30412972
30937230
31461482
31985740
32509996
33034262
33558542
34082834
34607126
35131420
35655716
36180006
36704302
37228600
37752898
38277206
38801522
39325842
39850154
40374460
40898758
41423058
41947356
42471650
42995936
43520218
44044508
44568804
45093104
45617398
46141688
46665974
47190260
47714546
48238830
48763120
49287412
49811700
50335988
50860276
51384556
51908832
52433106
52957378
53481652
54005932
54530234
55054544
55578844
56103140
56627430
57151718
57675996
58200276
58724554
59248824
59773090
60297356
60821626
61345902
61870196
62394500
62918806
63443108
63967410
64491710
65016008
65540296
66064580
66588866
5364
529636
1053910
1578184
2102458
2626742
3151038
3675342
4199646
4723946
5248238
5772536
6296836
6821134
7345430
7869730
8394022
8918310
9442588
9966860
10491122
11015388
11539652
12063918
12588194
13112474
13636750
14161022
14685296
15209570
15733852
16258142
16782430
17306716
17831004
18355284
18879560
19403842
19928124
20452404
20976682
21500968
22025252
22549534
23073816
23598100
24122398
24646714
25171036
25695360
26219686
26744004
27268306
27792598
28316886
28841164
29365436
29889702
30413960
30938220
31462476
31986730
32510998
33035276
33559560
34083856
34608150
35132446
35656734
36181026
36705322
37229622
37753930
38278240
38802558
39326880
39851200
40375504
40899802
41424096
41948392
42472682
42996962
43521244
44045540
44569836
45094130
45618416
46142704
46666992
47191276
47715560
48239846
48764138
49288436
49812732
50337024
50861316
51385600
51909874
52434150
52958426
53482698
54006966
54531250
55055556
55579854
56104144
56628436
57152718
57676994
58201270
58725542
59249810
59774072
60298342
60822614
61346902
61871208
62395514
62919824
63444124
63968422
64492722
65017016
65541304
66065592
66589876
6374
530644
1054908
1579174
2103440
2627728
3152038
3676352
4200658
4724950
5249244
5773544
6297844
6822142
7346442
7870740
8395038
8919328
9443606
9967876
10492136
11016398
11540654
12064916
12589194
13113478
13637762
14162040
14686320
15210600
15734888
16259176
16783464
17307756
17832044
18356324
18880602
19404880
19929156
20453430
20977708
21501990
22026274
22550556
23074836
23599118
24123404
24647710
25172030
25696356
26220684
26744996
27269300
27793590
28317876
28842156
29366422
29890686
30414946
30939208
31463466
31987734
32512012
33036296
33560584
34084876
34609168
35133464
35657752
36182040
36706338
37230638
37754952
38279270
38803600
39327926
39852242
40376548
40900842
41425138
41949430
42473720
42998000
43522284
44046576
44570862
45095146
45619432
46143716
46668004
47192288
47716568
48240854
48765148
49289446
49813746
50338046
50862342
51386628
51910902
52435180
52959458
53483730
54007996
54532268
55056558
55580846
56105136
56629422
57153700
57677978
58202256
58726528
59250798
59775058
60299328
60823616
61347918
61872226
62396528
62920832
63445130
63969426
64493724
65018016
65542302
66066588
66590876
7386
531650
1055902
1580160
2104424
2628712
3153028
3677346
4201652
4725950
5250248
5774546
6298846
6823144
7347444
7871746
8396048
8920342
9444624
9968890
10493152
11017408
11541660
12065920
12590198
13114486
13638774
14163058
14687346
15211630
15735920
16260210
16784498
17308790
17833080
18357364
18881640
19405916
19930188
20454460
20978738
21503016
22027296
22551580
23075862
23600148
24124432
24648724
25173030
25697350
26221672
26745986
27270294
27794594
28318890
28843174
29367444
29891698
30415948
30940198
31464468
31988750
32513038
33037322
33561610
34085898
34610190
35134480
35658768
36183058
36707354
37231652
37755976
38280306
38804640
39328970
39853284
40377592
40901888
41426180
41950470
42474758
42999044
43523330
44047614
44571892
45096168
45620450
46144734
46669020
47193296
47717570
48241856
48766150
49290448
49814756
50339058
50863356
51387644
51911920
52436198
52960474
53484744
54009014
54533284
55057554
55581832
56106120
56630408
57154694
57678978
58203256
58727526
59251798
59776060
60300342
60824638
61348940
61873242
62397542
62921838
63446130
63970424
64494718
65019008
65543292
66067582
66591872
8402
532658
1056904
1581154
2105424
2629706
3154018
3678334
4202642
4726942
5251240
5775542
6299840
6824138
7348436
7872742
8397052
8921352
9445632
9969900
10494166
11018422
11542670
12066926
12591206
13115500
13639792
14164080
14688372
15212662
15736956
16261244
16785532
17309822
17834108
18358394
18882672
19406944
19931216
20455490
20979766
21504040
22028322
22552608
23076898
23601182
24125470
24649758
25174052
25698358
26222674
26746994
27271318
27795634
28319938
28844226
29368492
29892748
30416996
30941242
31465500
31989776
32514064
33038350
33562634
34086922
34611210
35135500
35659790
36184078
36708368
37232668
37756998
38281342
38805684
39330008
39854324
40378634
40902930
41427218
41951504
42475790
43000076
43524360
44048638
44572914
45097192
45621468
46145750
46670024
47194286
47718560
48242852
48767148
49291456
49815762
50340060
50864356
51388650
51912930
52437206
52961478
53485746
54010012
54534278
55058548
55582826
56107110
56631406
57155698
57679984
58204268
58728540
59252814
59777080
60301368
60825664
61349960
61874258
62398550
62922838
63447128
63971420
64495716
65020006
65544292
66068584
66592876
9418
533674
1057928
1582184
2106446
2630726
3155022
3679330
4203632
4727928
5252222
5776520
6300822
6825118
7349422
7873738
8398052
8922356
9446636
9970908
10495174
11019430
11543674
12067930
12592216
13116516
13640812
14165106
14689402
15213696
15737988
16262280
16786564
17310848
17835130
18359416
18883696
19407968
19932238
20456508
20980786
21505068
22029354
22553644
23077936
23602220
24126504
24650792
25175084
25699388
26223700
26748028
27272364
27796684
28320984
28845276
29369552
29893818
30418080
30942332
31466576
31990824
32515092
33039376
33563660
34087944
34612228
35136518
35660808
36185098
36709388
37233682
37758024
38282380
38806722
39331046
39855360
40379668
40903962
41428246
41952534
42476818
43001102
43525380
44049656
44573932
45098206
45622480
46146750
46671004
47195262
47719544
48243852
48768162
49292462
49816760
50341066
50865354
51389642
51913928
52438204
52962472
53486734
54010994
54535260
55059538
55583818
56108106
56632404
57156700
57680992
58205278
58729562
59253838
59778112
60302394
60826684
61350978
61875270
62399560
62923846
63448132
63972418
64496710
65021002
65545294
66069588
66593888
10442
534704
1058960
1583214
2107476
2631748
3156030
3680326
4204622
4728912
5253200
5777492
6301788
6826086
7350402
7874730
8399052
8923356
9447638
9971908
10496172
11020430
11544678
12068936
12593230
13117534
13641838
14166136
14690436
15214730
15739024
16263314
16787594
17311870
17836152
18360430
18884708
19408982
19933252
20457524
20981806
21506094
22030384
22554676
23078970
23603258
24127546
24651832
25176126
25700422
26224738
26749074
27273410
27797730
28322038
28846332
29370616
29894890
30419158
30943418
31467666
31991902
32516142
33040412
33564698
34088984
34613270
35137552
35661838
36186128
36710414
37234712
37759060
38283422
38807762
39332082
39856394
40380698
40904988
41429270
41953554
42477836
43002116
43526394
44050672
44574948
45099222
45623492
46147744
46671996
47196264
47720560
48244866
48769172
49293466
49817764
50342058
50866342
51390620
51914904
52439188
52963458
53487718
54011980
54536250
55060530
55584816
56109110
56633408
57157710
57682006
58206296
58730578
59254858
59779140
60303424
60827708
61351996
61876286
62400576
62924864
63449146
63973424
64497710
65022008
65546300
66070598
66594904
11466
535732
1059994
1584244
2108504
2632764
3157038
3681326
4205616
4729904
5254186
5778470
6302762
6827078
7351394
7875718
8400044
8924348
9448630
9972902
10497164
11021426
11545684
12069954
12594252
13118560
13642866
14167170
14691468
15215762
15740054
16264340
16788620
17312896
17837166
18361440
18885714
19409988
19934258
20458538
20982824
21507118
22031410
22555710
23080014
23604322
24128620
24652910
25177202
25701496
26225810
26750140
27274464
27798780
28323092
28847392
29371680
29895956
30420228
30944488
31468744
31992982
32517228
33041488
33565770
34090062
34614346
35138624
35662902
36187180
36711460
37235762
37760110
38284462
38808796
39333110
39857416
40381716
40906002
41430286
41954570
42478850
43003126
43527404
44051682
44575960
45100228
45624490
46148754
46673026
47197304
47721600
48245894
48770190
49294484
49818774
50343056
50867328
51391600
51915876
52440160
52964442
53488710
54012980
54537260
55061544
55585838
56110142
56634442
57158740
57683038
58207326
58731610
59255890
59780172
60304454
60828736
61353022
61877312
62401600
62925886
63450166
63974450
64498736
65023028
65547324
66071620
66595930
12494
536762
1061020
1585272
2109524
2633774
3158044
3682330
4206620
4730904
5255188
5779478
6303776
6828082
7352396
7876710
8401028
8925332
9449614
9973888
10498156
11022422
11546690
12070976
12595276
13119584
13643892
14168202
14692504
15216798
15741086
16265366
16789646
17313916
17838184
18362450
18886718
19410994
19935268
20459550
20983840
21508142
22032444
22556758
23081078
23605398
24129706
24654000
25178292
25702586
26226892
26751208
27275524
27799834
28324140
28848446
29372734
29897012
30421282
30945542
31469796
31994052
32518314
33042578
33566854
34091148
34615430
35139708
35663986
36188260
36712536
37236846
37761176
38285506
38809826
39334138
39858442
40382736
40907014
41431296
41955574
42479852
43004128
43528408
44052688
44576962
45101234
45625502
46149782
46674062
47198346
47722636
48246930
48771226
49295516
49819800
50344078
50868344
51392610
51916878
52441152
52965434
53489716
54014002
54538290
55062582
55586884
56111188
56635492
57159790
57684082
58208368
58732654
59256934
59781212
60305490
60829774
61354058
61878346
62402634
62926916
63451200
63975488
64499776
65024072
65548358
66072650
66596950
13520
537788
1062044
1586294
2110544
2634792
3159056
3683340
4207626
4731914
5256202
5780496
6304798
6829106
7353416
7877724
8402026
8926318
9450602
9974876
10499144
11023414
11547696
12071990
12596296
13120602
13644914
14169226
14693534
15217832
15742120
16266398
16790672
17314938
17839198
18363458
18887722
19411998
19936280
20460562
20984860
21509166
22033480
22557804
23082134
23606456
24130762
24655060
25179360
25703654
26227956
26752264
27276572
27800880
28325182
28849482
29373774
29898054
30422320
30946580
31470844
31995110
32519380
33043652
33567932
34092226
34616512
35140794
35665070
36189344
36713628
37237926
37762236
38286552
38810864
39335174
39859476
40383762
40908038
41432314
41956586
42480858
43005128
43529406
44053688
44577966
45102244
45626530
46150816
46675094
47199382
47723676
48247970
48772268
49296556
49820836
50345102
50869368
51393636
51917906
52442180
52966462
53490754
54015048
54539340
55063636
55587938
56112238
56636538
57160840
57685132
58209420
58733702
59257980
59782254
60306532
60830816
61355098
61879384
62403670
62927954
63452242
63976530
64500820
65025108
65549390
66073678
66597970
14538
538806
1063064
1587314
2111562
2635808
3160072
3684354
4208642
4732932
5257222
5781522
6305832
6830140
7354450
7878752
8403044
8927328
9451606
9975880
10500146
11024418
11548706
12073004
12597314
13121626
13645934
14170244
14694554
15218858
15743152
16267428
16791696
17315958
17840216
18364470
18888732
19413008
19937290
20461578
20985876
21510190
22034512
22558844
23083174
23607492
24131796
24656096
25180398
25704700
26229002
26753308
27277614
27801916
28326212
28850506
29374796
29899076
30423352
30947622
31471892
31996160
32520430
33044708
33568998
34093290
34617582
35141864
35666140
36190416
36714698
37238992
37763296
38287604
38811910
39336214
39860510
40384794
40909068
41433340
41957608
42481874
43006134
43530408
44054692
44578978
45103266
45627556
46151848
46676132
47200422
47724714
48249010
48773306
49297592
49821866
50346126
50870390
51394660
51918932
52443210
52967508
53491808
54016104
54540398
55064692
55588992
56113290
56637586
57161882
57686174
58210464
58734740
59259018
59783296
60307576
60831858
61356140
61880424
62404708
62928994
63453280
63977568
64501854
65026132
65550416
66074700
66598986
15546
539814
1064074
1588328
2112572
2636820
3161090
3685376
4209666
4733954
5258248
5782558
6306872
6831184
7355488
7879782
8404070
8928350
9452624
9976894
10501162
11025434
11549720
12074020
12598334
13122644
13646952
14171260
14695568
15219872
15744168
16268444
16792714
17316976
17841232
18365486
18889748
19414026
19938308
20462598
20986902
21511216
22035540
22559870
23084194
23608512
24132820
24657122
25181430
25705734
26230038
26754342
27278650
27802946
28327238
28851528
29375812
29900096
30424380
30948660
31472930
31997206
32521484
33045768
33570056
34094350
34618642
35142922
35667200
36191476
36715754
37240046
37764348
38288652
38812952
39337252
39861546
40385826
40910098
41434368
41958634
42482896
43007154
43531420
44055702
44579990
45104280
45628576
46152874
46677170
47201466
47725756
48250054
48774344
49298622
49822890
50347152
50871416
51395688
51919968
52444260
52968558
53492860
54017158
54541450
55065748
55590042
56114338
56638628
57162916
57687206
58211492
58735770
59260050
59784332
60308618
60832904
61357186
61881468
62405750
62930034
63454316
63978600
64502880
65027158
65551438
66075718
66600002
16538
540808
1065074
1589334
2113588
2637840
3162114
3686400
4210688
4734980
5259282
5783600
6307916
6832226
7356526
7880820
8405104
8929382
9453646
9977912
10502180
11026454
11550742
12075038
12599348
13123662
13647968
14172270
14696578
15220882
15745178
16269458
16793734
17317998
17842256
18366514
18890774
19415050
19939334
20463626
20987932
21512242
22036558
22560878
23085202
23609522
24133832
24658146
25182458
25706768
26231070
26755370
27279670
27803964
28328254
28852542
29376828
29901112
30425400
30949682
31473960
31998244
32522524
33046812
33571106
34095398
34619688
35143972
35668250
36192526
36716804
37241098
37765396
38289694
38813992
39338288
39862576
40386856
40911132
41435400
41959664
42483926
43008182
43532440
44056708
44580998
45105294
45629594
46153898
46678200
47202502
47726800
48251094
48775374
49299650
49823922
50348250
50872448
51396782
51921008
52445304
52969608
53493938
54018206
54542532
55066796
55591088
56115374
56639658
57163940
57688228
58212516
58736800
59261082
59785366
60309656
60833944
61358226
61882510
62406792
62931072
63455352
63979628
64503906
65028180
65552458
66076734
66601020
17518
541798
1066076
1590342
2114604
2638866
3163138
3687424
4211714
4736010
5260320
5784636
6308952
6833264
7357570
7881862
8406140
8930410
9454676
9978938
10503206
11027484
11551772
12076064
12600366
13124678
13648982
14173282
14697584
15221890
15746186
16270472
16794752
17319024
17843286
18367544
18891806
19416080
19940366
20464662
20988966
21513266
22037572
22561886
23086204
23610514
24134830
24659148
25183460
25707770
26232082
26756382
27280678
27804974
28329264
28853554
29377842
29902126
30426412
30950694
31474976
31999262
32523550
33047848
33572142
34096432
34620724
35145008
35669288
36193568
36717852
37242144
37766438
38290732
38815028
39339316
39863604
40387886
40912158
41436426
41960692
42484952
43009202
43533454
44057722
44582010
45106304
45630648
46154984
46679392
47203706
47727970
48252218
48776484
49300838
49825152
50349468
50873726
51398008
51922318
52446606
52970910
53495236
54019488
54543742
55068054
55592330
56116566
56640778
57164984
57689282
58213546
58737828
59262116
59786400
60310690
60834980
61359264
61883546
62407826
62932102
63456378
63980652
64504924
65029196
65553472
66077750
66602040
18508
542800
1067082
1591358
2115628
2639902
3164174
3688452
4212740
4737044
5261356
5785676
6309992
6834304
7358612
7882904
8407184
8931452
9455716
9979982
10504254
11028536
11552822
12077106
12601396
13125696
13649996
14174292
14698594
15222896
15747192
16271480
16795768
17320044
17844314
18368572
18892840
19417116
19941402
20465698
20989994
21514292
22038600
22562900
23087202
23611504
24135810
24660124
25184442
25708756
26233070
26757380
27281682
27805980
28330272
28854564
29378852
29903140
30427426
30951710
31475994
32000282
32524578
33048874
33573162
34097458
34621752
35146036
35670316
36194600
36718886
37243178
37767472
38291766
38816058
39340348
39864632
40388908
40913180
41437444
41961704
42485964
43010222
43534522
44058900
44583230
45107492
45631858
46156176
46680510
47204782
47729064
48253356
48777622
49301942
49826236
50350500
50874758
51399110
51923376
52447700
52971970
53496268
54020546
54544788
55069078
55593400
56117682
56641978
57166270
57690480
58214748
58738910
59263146
59787432
60311724
60836014
61360294
61884570
62408846
62933118
63457392
63981666
64505936
65030210
65554490
66078770
66603062
19518
543818
1068108
1592392
2116670
2640942
3165218
3689492
4213780
4738080
5262400
5786722
6311038
6835348
7359648
7883938
8408216
8932492
9456764
9981036
10505312
11029596
11553878
12078160
12602446
13126730
13651020
14175310
14699606
15223908
15748202
16272496
16796784
17321066
17845340
18369610
18893886
19418164
19942442
20466730
20991026
21515332
22039634
22563936
23088232
23612518
24136810
24661112
25185424
25709744
26234062
26758372
27282684
27806984
28331280
28855572
29379866
29904156
30428444
30952730
31477014
32001304
32525596
33049892
33574184
34098480
34622770
35147054
35671334
36195620
36719912
37244204
37768500
38292794
38817086
39341374
39865648
40389920
40914244
41438548
41962850
42487162
43011444
43535780
44060042
44584354
45108636
45632918
46157246
46681476
47205792
47730110
48254358
48778676
49302972
49827250
50351526
50875824
51400080
51924406
52448686
52972966
53497238
54021560
54545830
55070142
55594416
56118688
56642984
57167268
57691556
58215828
58740108
59264374
59788520
60312756
60837042
61361318
61885592
62409868
62934136
63458406
63982672
64506940
65031220
65555506
66079794
66604094
20546
544852
1069150
1593438
2117718
2641992
3166266
3690536
4214818
4739114
5263430
5787754
6312068
6836378
7360678
7884964
8409248
8933528
9457808
9982090
10506368
11030648
11554928
12079212
12603496
13127780
13652060
14176338
14700626
15224926
15749220
16273518
16797808
17322094
17846376
18370658
18894938
19419218
19943496
20467780
20992076
21516380
22040680
22564984
23089278
23613564
24137856
24662150
25186450
25710756
26235068
26759378
27283684
27807990
28332286
28856588
29380884
29905172
30429458
30953744
31478030
32002318
32526608
33050904
33575200
34099494
34623782
35148066
35672350
36196638
36720932
37245228
37769526
38293816
38818132
39342436
39866692
40391066
40915378
41439662
41963956
42488202
43012524
43536814
44061076
44585362
45109602
45633918
46158228
46682506
47206832
47731088
48255384
48779716
49303966
49828264
50352566
50876868
51401142
51925386
52449684
52974014
53498302
54022556
54546848
55071146
55595408
56119678
56644020
57168312
57692600
58216844
58741158
59265466
59789732
60313822
60838068
61362354
61886638
62410908
62935180
63459442
63983698
64507956
65032236
65556528
66080822
66605126
21590
545898
1070202
1594494
2118770
2643042
3167314
3691586
4215864
4740152
5264466
5788786
6313102
6837410
7361708
7885998
8410286
8934564
9458848
9983132
10507416
11031702
11555986
12080268
12604550
13128832
13653108
14177380
14701654
15225950
15750246
16274542
16798836
17323130
17847420
18371706
18895988
19420270
19944554
20468840
20993134
21517432
22041734
22566036
23090328
23614620
24138952
24663328
25187652
25711960
26236274
26760546
27284830
27809092
28333376
28857680
29381980
29906266
30430528
30954780
31479036
32003318
32527610
33051910
33576208
34100500
34624786
35149074
35673364
36197656
36721948
37246246
37770544
38294906
38819258
39343512
39867784
40392096
40916428
41440630
41964970
42489256
43013494
43537824
44062022
44586378
45110668
45634924
46159270
46683504
47207844
47732122
48256362
48780720
49304996
49829290
50353566
50877854
51402168
51926432
52450732
52974978
53499332
54023576
54547846
55072124
55596440
56120678
56644996
57169282
57693600
58217826
58742192
59266488
59790756
60315044
60839230
61363426
61887684
62411964
62936234
63460494
63984750
64509008
65033282
65557560
66081854
66606164
22642
546952
1071256
1595552
2119826
2644094
3168364
3692642
4216922
4741204
5265502
5789816
6314128
6838436
7362738
7887032
8411318
8935602
9459886
9984172
10508466
11032760
11557044
12081326
12605602
13129878
13654152
14178420
14702692
15226976
15751270
16275574
16799878
17324176
17848470
18372758
18897044
19421330
19945618
20469906
20994192
21518494
22042806
22567106
23091556
23615924
24140238
24664528
25188810
25713098
26237402
26761698
27285984
27810266
28334548
28858824
29383132
29907422
30431706
30955994
31480264
32004498
32528742
33053002
33577236
34101500
34625790
35150078
35674368
36198662
36722956
37247272
37771608
38295932
38820306
39344548
39868784
40393076
40917400
41441690
41965944
42490254
43014556
43538788
44063096
44587370
45111696
45635952
46160250
46684572
47208862
47733156
48257448
48781688
49306004
49830304
50354622
50878860
51403162
51927440
52451704
52976048
53500322
54024576
54548824
55073132
55597436
56121726
56645974
57170328
57694556
58218904
58743180
59267462
59791754
60316048
60840354
61364626
61888770
62413018
62937294
63461558
63985816
64510078
65034344
65558614
66082894
66607200
23702
548006
1072310
1596600
2120880
2645148
3169422
3693702
4217980
4742256
5266544
5790846
6315152
6839454
7363758
7888060
8412348
8936636
9460926
9985224
10509524
11033816
11558100
12082380
12606654
13130920
13655192
14179468
14703744
15228028
15752316
16276610
16800912
17325214
17849510
18373802
18898094
19422384
19946678
20471054
20995388
21519708
22044020
22568318
23092622
23616896
24141238
24665526
25189826
25714146
26238416
26762692
27286978
27811262
28335548
28859852
29384128
29908424
30432718
30957014
31481298
32005590
32529872
33054142
33578444
34102704
34626918
35151098
35675368
36199722
36724094
37248436
37772730
38297044
38821278
39345506
39869778
40394116
40918396
41442730
41966910
42491264
43015518
43539836
44064102
44588408
45112614
45636962
46161238
46685562
47209834
47734156
48258452
48782702
49306972
49831330
50355594
50879940
51404148
51928422
52452738
52977072
53501290
54025606
54549882
55074178
55598470
56122738
56647014
57171346
57695602
58219908
58744204
59268520
59792774
60317096
60841362
61365656
61889938
62414078
62938344
63462616
63986882
64511138
65035404
65559674
66083948
66608236
24762
549060
1073356
1597644
2121924
2646200
3170474
3694754
4219030
4743306
5267588
5791884
6316180
6840476
7364772
7889076
8413378
8937672
9461974
9986272
10510570
11034858
11559144
12083426
12607698
13131964
13656238
14180522
14704808
15229092
15753376
16277660
16801946
17326240
17850538
18374834
18899138
19423524
19947934
20472268
20996554
21520830
22045104
22569388
23093674
23617908
24142090
24666534
25190872
25715146
26239420
26763700
27287972
27812242
28336594
28860888
29385190
29909462
30433730
30958042
31482324
32006628
32530900
33055162
33579488
34103756
34628060
35152314
35676578
36200878
36725196
37249436
37773722
38298014
38822282
39346536
39870870
40395168
40919338
41443706
41967960
42492284
43016514
43540868
44065056
44589410
45113658
45637968
46162250
46686534
47210886
47735172
48259400
48783658
49308022
49832320
50356556
50880868
51405190
51929488
52453766
52978024
53502326
54026626
54550892
55075166
55599468
56123792
56648024
57172324
57696614
58220884
58745224
59269502
59793814
60318106
60842378
61366672
61890982
62415200
62939386
63463668
63987938
64512202
65036468
65560740
66085014
66609292
25808
550104
1074390
1598678
2122960
2647240
3171518
3695798
4220072
4744342
5268624
5792912
6317202
6841492
7365784
7890092
8414406
8938714
9463016
9987314
10511610
11035898
11560182
12084462
12608738
13133014
13657292
14181576
14705868
15230156
15754438
16278718
16802990
17327270
17851558
18375934
18900338
19424724
19949000
20473280
20997556
21521826
22046114
22570412
23094708
23618986
24143260
24667542
25191808
25716092
26240390
26764692
27288992
27813260
28337548
28861918
29386164
29910458
30434762
30959058
31483338
32007646
32531874
33056228
33580482
34104770
34629058
35153276
35677628
36201868
36726204
37250396
37774740
38299018
38823312
39347574
39871930
40396124
40920470
41444706
41969024
42493224
43017554
43541872
44066104
44590378
45114720
45638966
46163274
46687568
47211892
47736146
48260420
48784746
49309000
49833312
50357584
50881886
51406132
51930486
52454774
52979068
53503386
54027646
54551918
55076162
55600422
56124794
56649034
57173356
57697646
58221884
58746228
59270528
59794828
60319110
60843416
61367696
61891962
62416274
62940450
63464702
63988976
64513244
65037518
65561794
66086070
66610344
26842
551132
1075420
1599708
2123988
2648270
3172552
3696834
4221108
4745374
5269652
5793934
6318222
6842506
7366808
7891128
8415442
8939752
9464056
9988356
10512650
11036938
11561220
12085500
12609778
13134060
13658344
14182630
14706922
15231208
15755492
16279766
16804038
17328304
17852672
18377128
18901454
19425728
19950014
20474300
20998568
21522850
22047140
22571418
23095702
23619986
24144264
24668490
25192680
25716920
26241284
26765602
27289938
27814296
28338622
28862932
29387164
29911524
30435784
30960038
31484368
32008646
32532920
33057238
33581506
34105758
34630070
35154336
35678596
36202890
36727218
37251462
37775712
38300010
38824364
39348538
39872928
40397130
40921508
41445692
41970036
42494242
43018580
43542852
44067150
44591354
45115708
45640008
46164208
46688548
47212872
47737196
48261394
48785730
49309950
49834358
50358612
50882944
51407208
51931434
52455700
52980032
53504320
54028652
54552934
55077232
55601480
56125798
56650068
57174332
57698684
58222956
58747226
59271544
59795826
60320148
60844412
61368724
61893008
62417320
62941552
63465718
63990002
64514274
65038548
65562826
66087100
66611374
27874
552164
1076448
1600732
2125008
2649288
3173570
3697854
4222130
4746398
5270670
5794948
6319226
6843516
7367832
7892156
8416472
8940782
9465094
9989394
10513690
11037978
11562260
12086542
12610822
13135108
13659394
14183682
14707972
15232258
15756540
16280810
16805078
17329492
17853896
18378170
18902442
19426712
19951000
20475292
20999584
21523886
22048188
22572466
23096748
23621034
24145338
24669624
25193896
25718168
26242442
26766714
27291094
27815382
28339644
28863930
29388182
29912532
30436806
30961078
31485344
32009660
32533920
33058242
33582502
34106760
34631112
35155358
35679664
36203864
36728220
37252490
37776720
38301064
38825350
39349556
39873906
40398188
40922532
41446698
41971050
42495266
43019620
43543842
44068192
44592372
45116726
45641018
46165332
46689544
47213886
47738204
48262468
48786766
49311018
49835350
50359570
50883894
51408220
51932510
52456782
52981114
53505392
54029712
54554034
55078340
55602628
56126880
56651138
57175354
57699690
58223976
58748254
59272576
59796872
60321160
60845458
61369738
61894034
62418344
62942636
63466726
63991014
64515290
65039568
65563846
66088116
66612388
28904
553190
1077468
1601742
2126016
2650296
3174578
3698860
4223138
4747408
5271674
5795942
6320220
6844516
7368842
7893170
8417494
8941806
9466116
9990422
10514724
11039018
11563298
12087578
12611860
13136144
13660436
14184726
14709020
15233306
15757582
16281852
16806232
17330626
17854906
18379148
18903374
19427574
19951772
20476010
21000306
21524732
22049108
22573428
23097770
23622128
24146398
24670668
25194946
25719218
26243484
26767770
27292122
27816392
28340662
28864938
29389196
29913472
30437834
30962110
31486362
32010678
32534966
33059240
33583526
34107832
34632150
35156354
35680716
36204894
36729180
37253494
37777772
38302112
38826344
39350562
39874950
40399180
40923540
41447770
41972028
42496328
43020638
43544892
44069194
44593432
45117754
45642068
46166302
46690536
47214948
47739202
48263488
48787724
49312012
49836394
50360664
50884918
51409248
51933554
52457828
52982176
53506496
54030792
54555092
55079386
55603674
56127964
56652244
57176480
57700724
58225006
58749300
59273604
59797894
60322194
60846466
61370774
61895060
62419350
62943684
63467852
63992016
64516298
65040580
65564854
66089126
66613402
29922
554204
1078478
1602750
2127020
2651294
3175574
3699854
4224132
4748406
5272678
5796948
6321220
6845518
7369846
7894178
8418502
8942818
9467134
9991446
10515748
11040042
11564330
12088612
12612892
13137176
13661464
14185760
14710050
15234356
15758640
16283006
16807372
17331620
17855870
18380076
18904340
19428652
19952960
20477328
21001680
21525976
22050260
22574540
23098772
23623016
24147326
24671620
25195902
25720196
26244478
26768768
27293088
27817418
28341690
28865970
29390248
29914504
30438868
30963142
31487392
32011720
32536002
33060238
33584570
34108856
34633158
35157372
35681724
36205934
36730260
37254444
37778818
38303086
38827350
39351556
39875944
40400218
40924504
41448814
41973042
42497402
43021614
43545936
44070158
44594504
45118770
45643090
46167332
46691664
47215962
47740236
48264516
48788810
49313056
49837360
50361710
50885948
51410256
51934594
52458928
52983232
53507526
54031814
54556110
55080392
55604682
56128982
56653278
57177566
57701824
58226068
58750356
59274650
59798940
60323232
60847524
61371802
61896084
62420380
62944718
63468852
63993028
64517312
65041592
65565866
66090134
66614410
30930
555208
1079476
1603744
2128012
2652282
3176558
3700840
4225122
4749402
5273680
5797956
6322228
6846522
7370846
7895174
8419500
8943824
9468144
9992458
10516760
11041060
11565356
12089640
12613920
13138204
13662552
14186860
14711118
15235396
15759658
16284060
16808332
17332654
17856968
18381254
18905524
19429802
19954082
20478402
21002706
21526978
22051258
22575532
23099806
23624068
24148334
24672668
25196998
25721246
26245506
26769774
27294044
27818312
28342644
28866972
29391288
29915554
30439890
30964162
31488422
32012752
32537028
33061266
33585604
34109866
34634178
35158396
35682704
36206986
36731278
37255518
37779852
38304050
38828380
39352666
39876972
40401258
40925410
41449794
41974050
42498406
43022638
43546918
44071230
44595510
45119776
45644088
46168372
46692700
47216914
47741216
48265568
48789796
49314120
49838370
50362680
50887006
51411334
51935654
52459970
52984254
53508540
54032834
54557104
55081354
55605662
56129962
56654274
57178586
57702874
58227136
58751402
59275706
59799994
60324266
60848560
61372846
61897108
62421420
62945752
63469952
63994066
64518332
65042602
65566876
66091148
66615420
31928
556200
1080462
1604730
2128996
2653266
3177542
3701830
4226120
4750406
5274688
5798964
6323246
6847538
7371848
7896168
8420492
8944820
9469148
9993458
10517768
11042072
11566372
12090664
12614940
13139220
13663592
14187934
14712214
15236508
15760832
16285110
16809356
17333648
17857888
18382110
18906374
19430652
19954942
20479280
21003704
21528014
22052294
22576574
23100854
23625132
24149400
24673646
25197880
25722180
26246488
26770796
27295128
27819428
28343700
28867944
29392174
29916526
30440872
30965172
31489460
32013734
32538050
33062298
33586632
34110884
34635180
35159432
35683688
36208024
36732276
37256534
37780890
38305086
38829400
39353706
39877998
40402264
40926486
41450788
41975072
42499412
43023660
43547886
44072278
44596506
45120808
45645100
46169394
46693680
47217944
47742232
48266540
48790876
49315144
49839424
50363772
50888104
51412408
51936686
52460990
52985270
53509556
54033770
54558096
55082402
55606662
56130938
56655262
57179578
57703888
58228168
58752436
59276720
59801020
60325300
60849572
61373860
61898174
62422486
62946792
63471078
63995176
64519368
65043640
65567908
66092180
66616450
32912
557182
1081448
1605712
2129980
2654252
3178538
3702832
4227126
4751414
5275698
5799982
6324266
6848554
7372852
7897162
8421474
8945800
9470134
9994456
10518770
11043080
11567384
12091676
12615960
13140256
13664602
14188914
14713246
15237594
15761868
16286140
16810412
17334696
17858946
18383226
18907526
19431816
19956062
20480240
21004546
21528872
22053178
22577510
23101776
23626118
24150402
24674662
25198892
25723116
26247358
26771666
27295940
27820254
28344652
28868976
29393286
29917508
30441790
30966086
31490478
32014752
32539036
33063332
33587650
34111902
34636174
35160452
35684724
36209004
36733336
37257532
37781888
38306124
38830436
39354752
39878946
40403254
40927602
41451796
41976100
42500372
43024724
43548936
44073296
44597528
45121838
45646094
46170402
46694732
47219028
47743284
48267568
48791860
49316148
49840464
50364802
50889142
51413446
51937726
52462014
52986296
53510552
54034784
54559124
55083098
55607672
56131950
56656268
57180582
57704896
58229182
58753460
59277746
59802040
60326324
60850596
61374908
61899220
62423524
62947820
63472110
63996310
64520424
65044696
65568968
66093234
66617502
33896
558162
1082428
1606700
2130980
2655266
3179560
3703852
4228144
4752430
5276718
5801004
6325284
6849568
7373858
7898156
8422452
8946768
9471112
9995448
10519770
11044084
11568392
12092728
12617066
13141300
13665542
14189944
14714328
15238590
15762856
16287082
16811294
17335628
17860016
18384322
18908604
19432890
19957160
20481430
21005690
21529944
22054256
22578632
23102914
23627182
24151486
24675776
25200076
25724368
26248630
26772848
27297088
27821336
28345734
28870028
29394314
29918598
30442898
30967170
31491420
32015768
32540042
33064332
33588634
34112920
34637180
35161454
35685746
36210012
36734342
37258566
37782868
38307138
38831478
39355774
39879984
40404234
40928622
41452806
41977186
42501382
43025736
43549970
44074288
44598582
45122852
45647124
46171416
46695796
47220044
47744228
48268574
48792854
49317178
49841492
50365818
50890160
51414476
51938752
52463044
52987306
53511568
54035790
54560176
55084302
55608730
56132988
56657272
57181606
57705914
58230198
58754478
59278764
59803054
60327344
60851636
61375938
61900234
62424536
62948828
63473118
63997372
64521484
65045746
65570020
66094292
66618564
34878
559144
1083422
1607712
2132000
2656292
3180584
3704872
4229162
4753450
5277736
5802020
6326304
6850590
7374876
7899166
8423456
8947760
9472096
9996436
10520770
11045090
11569444
12093700
12617858
13142338
13666742
14191042
14715258
15239404
15763656
16288004
16812396
17336758
17861040
18385314
18909586
19433876
19958196
20482508
21006790
21531072
22055334
22579598
23103912
23628214
24152482
24676756
25201048
25725356
26249646
26773900
27298184
27822492
28346778
28871096
29395362
29919640
30443924
30968250
31492484
32016720
32541052
33065340
33589610
34113942
34638204
35162474
35686738
36211050
36735330
37259600
37783898
38308140
38832516
39356772
39880998
40405340
40929600
41453822
41978202
42502394
43026768
43551042
44075272
44599580
45123864
45648140
46172392
46696740
47221030
47745278
48269526
48793846
49318154
49842512
50366810
50891156
51415492
51939780
52464068
52988338
53512600
54036830
54561106
55085470
55609744
56133928
56658306
57182632
57706930
58231200
58755490
59279778
59804068
60328360
60852658
61376956
61901246
62425378
62949724
63474128
63998382
64522546
65046792
65571068
66095342
66619614
35872
560152
1084446
1608740
2133030
2657320
3181606
3705894
4230182
4754468
5278752
5803038
6327324
6851610
7375896
7900186
8424474
8948770
9473090
9997432
10521792
11046134
11570376
12094808
12619188
13143500
13667728
14191928
14716268
15240612
15764928
16289220
16813474
17337774
17862046
18386324
18910626
19434916
19959230
20483510
21007802
21532088
22056372
22580652
23104938
23629192
24153488
24677784
25202062
25726342
26250626
26774940
27299220
27823522
28347792
28872106
29396400
29920668
30444938
30969262
31493514
32017788
32542020
33066338
33590638
34114920
34639234
35163500
35687782
36212074
36736324
37260624
37784956
38309160
38833530
39357716
39882048
40406366
40930626
41454882
41979226
42503388
43027808
43552078
44076292
44600584
45124918
45649152
46173454
46697686
47222006
47746272
48270566
48794824
49319198
49843504
50367814
50892134
51416486
51940802
52465096
52989382
53513636
54037900
54562150
55086408
55610704
56135034
56659340
57183646
57707946
58232228
58756512
59280802
59805092
60329388
60853684
61377980
61902250
62426364
62950682
63475146
63999346
64523612
65047834
65572112
66096386
66620662
36894
561182
1085472
1609766
2134056
2658344
3182632
3706920
4231204
4755488
5279776
5804062
6328348
6852630
7376916
7901206
8425498
8949794
9474106
9998490
10522894
11047284
11571654
12095946
12620142
13144306
13668716
14193076
14717342
15241650
15765936
16290214
16814504
17338760
17863064
18387324
18911582
19435864
19960170
20484534
21008818
21533106
22057338
22581544
23105716
23629852
24154138
24678448
25202708
25727002
26251272
26775870
27300238
27824516
28348824
28873086
29397386
29921694
30445972
30970254
31494542
32018804
32543074
33067356
33591664
34115932
34640198
35164530
35688812
36213086
36737350
37261606
37785978
38310204
38834522
39358744
39882994
40407388
40931648
41455908
41980248
42504412
43028812
43553078
44077340
44601640
45125926
45650220
46174422
46698776
47223066
47747290
48271664
48795910
49320142
49844510
50368820
50893152
51417490
51941820
52466122
52990414
53514692
54038942
54563218
55087504
55611788
56136084
56660386
57184672
57708974
58233262
58757548
59281830
59806132
60330424
60854716
61379002
61903268
62427540
62951838
63476152
64000338
64524624
65048904
65573140
66097424
66621706
37924
562214
1086508
1610798
2135092
2659382
3183668
3707954
4232238
4756522
5280806
5805090
6329378
6853658
7377942
7902230
8426520
8950820
9475240
9999726
10524102
11048396
11572594
12096726
12621044
13145490
13669784
14194084
14718384
15242648
15766936
16291224
16815512
17339796
17864058
18388354
18912658
19436952
19961238
20485524
21009798
21534008
22058196
22582386
23106640
23631014
24155364
24679696
25203988
25728238
26252458
26776720
27301116
27825472
28349796
28874116
29398396
29922678
30446960
30971238
31495534
32019826
32544098
33068396
33592702
34116956
34641228
35165568
35689822
36214108
36738352
37262592
37786996
38311248
38835478
39359818
39884064
40408362
40932684
41456960
41981248
42505476
43029850
43554060
44078394
44602660
45126960
45651208
46175468
46699774
47224094
47748366
48272672
48796930
49321242
49845546
50369830
50894156
51418486
51942820
52467134
52991432
53515722
54040006
54564280
55088550
55612830
56137116
56661424
57185726
57710010
58234290
58758570
59282840
59807142
60331444
60855730
61380004
61904308
62428602
62952884
63477128
64001334
64525626
65049930
65574182
66098454
66622736
38954
563248
1087544
1611836
2136130
2660422
3184706
3708990
4233274
4757560
5281844
5806126
6330410
6854696
7378974
7903260
8427562
8952088
9476542
10000842
10525072
11049174
11573456
12097850
12622234
13146504
13670794
14195102
14719366
15243640
15767948
16292226
16816530
17340826
17865116
18389406
18913682
19437974
19962274
20486514
21010698
21534804
22059044
22583452
23107870
23632232
24156536
24680834
25205126
25729422
26253732
26778002
27302228
27826462
28350702
28874978
29399322
29923630
30447934
30972228
31496516
32020794
32545116
33069402
33593714
34117954
34642230
35166580
35690842
36215148
36739348
37263628
37787996
38312238
38836536
39360814
39885122
40409392
40933620
41458026
41982202
42506530
43030870
43555030
44079414
44603608
45128008
45652252
46176498
46700856
47225144
47749388
48273680
48797972
49322218
49846552
50370870
50895180
51419486
51943826
52468142
52992440
53516742
54041030
54565310
55089596
55613880
56138170
56662466
57186754
57711040
58235316
58759584
59283848
59808162
60332456
60856670
61380980
61905304
62429624
62953904
63478074
64002328
64526616
65050902
65575198
66099472
66623760
39988
564288
1088584
1612876
2137166
2661456
3185742
3710028
4234318
4758604
5282888
5807172
6331454
6855738
7380020
7904372
8428920
8953288
9477554
10001688
10525850
11050284
11574640
12098946
12623258
13147536
13671810
14196108
14720376
15244646
15768952
16293240
16817536
17341836
17866106
18390388
18914708
19438962
19963118
20487214
21011598
21535918
22060312
22584704
23109016
23633332
24157638
24681908
25206202
25730512
26254806
26779086
27303376
27827664
28351952
28876246
29400538
29924832
30449122
30973390
31497680
32021900
32546118
33070396
33594718
34118966
34643244
35167540
35691864
36216150
36740394
37264690
37788984
38313238
38837590
39361870
39886142
40410352
40934672
41459044
41983218
42507564
43031874
43556064
44080450
44604668
45128896
45653294
46177562
46701786
47226156
47750364
48274708
48798990
49323282
49847560
50371860
50896170
51420512
51944832
52469138
52993442
53517746
54042046
54566334
55090628
55614916
56139208
56663498
57187782
57712062
58236332
58760582
59284874
59809144
60333412
60857622
61381842
61906158
62430626
62954922
63479028
64003356
64527598
65051888
65576200
66100492
66624774
41022
565322
1089618
1613914
2138206
2662494
3186782
3711072
4235364
4759652
5283938
5808216
6332500
6856782
7381174
7905690
8430024
8954272
9478396
10002704
10527080
11051388
11575684
12100006
12624268
13148554
13672826
14197116
14721406
15245666
15769938
16294234
16818544
17342822
17867098
18391412
18915590
19439684
19964006
20488332
21012758
21537110
22061440
22585712
23109966
23634276
24158580
24682926
25207248
25731526
26255778
26780094
27304392
27828700
28352988
28877278
29401558
29925844
30450138
30974412
31498704
32022992
32547276
33071498
33595708
34119984
34644248
35168524
35692862
36217156
36741442
37265728
37790006
38314238
38838554
39362910
39887122
40411472
40935638
41460044
41984266
42508628
43032824
43557140
44081492
44605716
45129966
45654316
46178580
46702878
47227122
47751450
48275700
48799972
49324266
49848556
50372848
50897174
51421494
51945790
52470140
52994452
53518742
54043052
54567354
55091650
55615938
56140226
56664512
57188794
57713070
58237334
58761606
59285880
59810184
60334300
60858542
61382824
61907106
62431526
62955912
63480056
64004308
64528564
65052864
65577152
66101534
66625780
42054
566354
1090650
1614946
2139242
2663534
3187824
3712116
4236408
4760696
5284982
5809260
6333536
6857946
7382434
7906740
8430938
8955110
9479510
10003838
10528114
11052450
11576760
12101012
12625308
13149562
13673828
14198114
14722414
15246668
15770942
16295218
16819564
17343838
17868094
18392204
18916462
19440870
19965230
20489576
21013906
21538220
22062502
22586764
23111070
23635366
24159608
24683880
25208166
25732462
26256836
26781142
27305402
27829700
28354002
28878284
29402572
29926842
30451134
30975424
31499706
32023998
32548286
33072578
33596830
34121004
34645262
35169544
35693832
36218168
36742494
37266750
37791060
38315294
38839524
39363828
39888156
40412512
40936672
41461036
41985252
42509666
43033844
43558046
44082506
44606780
45131024
45655320
46179642
46703870
47228196
47752478
48276734
48800996
49325328
49849608
50373918
50898238
51422558
51946830
52471134
52995442
53519770
54044064
54568364
55092660
55616950
56141224
56665504
57189792
57714054
58238326
58762642
59286898
59811026
60335270
60859526
61383782
61908144
62432484
62956882
63481050
64005266
64529578
65053864
65578160
66102510
66626774
43080
567376
1091674
1615972
2140268
2664564
3188860
3713152
4237444
4761730
5286012
5810288
6334702
6859164
7383440
7907590
8431864
8956252
9480574
10004864
10529204
11053488
11577752
12102026
12626318
13150598
13674844
14199082
14723332
15247610
15771868
16296136
16820426
17344684
17868968
18393288
18917616
19441908
19966246
20490590
21014876
21539140
22063446
22587786
23112096
23636344
24160662
24684968
25209232
25733530
26257804
26782106
27306430
27830712
28354992
28879280
29403550
29927866
30452144
30976414
31500700
32024978
32549272
33073568
33597866
34122122
34646290
35170556
35694858
36219188
36743488
37267780
37792100
38316334
38840610
39364854
39889126
40413458
40937764
41462040
41986290
42510672
43034882
43559108
44083520
44607780
45132012
45656386
46180660
46704936
47229214
47753516
48277740
48802078
49326308
49850614
50374932
50899206
51423532
51947862
52472152
52996426
53520712
54045038
54569356
55093664
55617952
56142212
56666502
57190750
57715034
58239326
58763640
59287890
59812076
60336286
60860486
61384772
61909088
62433508
62957826
63482028
64006262
64530592
65054856
65579194
66103528
66627760
44096
568394
1092690
1616990
2141286
2665582
3189878
3714168
4238460
4762742
5287024
5811434
6335898
6860196
7384400
7908618
8432996
8957300
9481636
10005942
10530208
11054498
11578776
12103042
12627330
13151594
13675880
14200172
14724442
15248730
15773018
16297292
16821522
17345812
17870174
18394492
18918794
19443042
19967350
20491672
21015990
21540224
22064570
22588864
23113122
23637424
24161728
24685984
25210274
25734582
26258864
26783100
27307408
27831688
28355950
28880260
29404580
29928860
30453146
30977422
31501692
32025984
32550278
33074572
33598844
34123164
34647400
35171600
35695896
36220214
36744492
37268810
37793114
38317358
38841660
39365940
39890164
40414390
40938760
41463008
41987370
42511650
43035970
43560220
44084480
44608840
45133006
45657354
46181690
46705892
47230276
47754490
48278788
48803138
49327346
49851684
50375922
50900290
51424570
51948910
52473164
52997476
53521802
54045998
54570360
55094670
55618906
56143200
56667454
57191790
57716018
58240350
58764648
59288892
59812976
60337386
60861560
61385770
61910104
62434470
62958724
63482984
64007272
64531570
65055882
65580240
66104508
66628748
45106
569402
1093698
1617994
2142292
2666590
3190886
3715174
4239464
4763746
5288148
5812620
6336922
6861236
7385474
7909754
8434030
8958350
9482668
10006928
10531222
11055502
11579776
12104056
12628350
13152638
13676920
14201206
14725482
15249772
15774042
16298282
16822618
17346950
17871238
18395500
18919796
19444128
19968414
20492662
21016942
21541234
22065536
22589824
23114124
23638438
24162720
24687004
25211300
25735586
26259856
26784172
27308466
27832734
28357024
28881314
29405580
29929866
30454168
30978436
31502720
32027000
32551286
33075576
33599852
34124148
34648474
35172662
35696966
36221230
36745520
37269834
37794066
38318402
38842654
39366976
39891238
40415482
40939798
41464054
41988324
42512714
43036890
43561270
44085500
44609858
45134070
45658398
46182704
46706842
47231314
47755562
48279794
48804170
49328378
49852680
50376946
50901300
51425604
51949866
52474198
52998456
53522770
54047008
54571388
55095662
55619914
56144180
56668506
57192760
57717110
58241384
58765648
59289892
59814018
60338286
60862666
61386774
61911120
62435418
62959724
63483990
64008302
64532580
65056900
65581268
66105550
66629748
46114
570406
1094700
1618996
2143294
2667594
3191888
3716176
4240464
4764848
5289342
5813664
6337980
6862238
7386502
7910774
8435086
8959390
9483648
10007948
10532234
11056506
11580780
12105066
12629366
13153642
13677924
14202210
14726494
15250748
15775026
16299362
16823678
17347968
17872284
18396566
18920874
19445154
19969370
20493720
21017988
21542306
22066596
22590878
23115164
23639444
24163730
24688036
25212296
25736586
26260884
26785172
27309458
27833744
28358024
28882304
29406606
29930888
30455148
30979454
31503732
32028020
32552298
33076572
33600870
34125156
34649468
35173764
35697984
36222244
36746548
37270836
37795070
38319422
38843642
39368006
39892266
40416552
40940748
41465144
41989368
42513642
43037980
43562216
44086626
44610798
45135054
45659430
46183736
46707884
47232276
47756584
48280834
48805194
49329444
49853728
50377904
50902290
51426580
51950786
52475266
52999494
53523782
54048104
54572320
55096676
55620986
56145240
56669510
57193844
57718054
58242402
58766474
59290738
59815022
60339312
60863650
61387896
61912126
62436430
62960726
63485006
64009310
64533600
65057896
65582256
66106516
66630768
47122
571412
1095702
1619998
2144292
2668592
3192888
3717176
4241540
4766058
5290398
5814712
6338978
6863258
7387524
7911814
8436102
8960368
9484670
10008964
10533252
11057510
11581774
12106092
12630364
13154644
13678934
14203192
14727450
15251748
15776142
16300458
16824772
17349032
17873240
18397608
18921912
19446104
19970416
20494722
21019010
21543274
22067524
22591848
23116164
23640480
24164772
24689036
25213324
25737630
26261916
26786200
27310480
27834762
28359040
28883310
29407592
29931876
30456172
30980470
31504750
32029044
32553312
33077580
33601886
34126174
34650466
35174778
35699010
36223288
36747548
37271816
37796122
38320438
38844662
39369032
39893264
40417624
40941800
41466134
41990456
42514668
43039020
43563226
44087626
44611878
45136034
45660448
46184714
46709022
47233178
47757608
48281770
48806234
49330516
49854730
50378966
50903354
51427622
51951836
52476258
53000518
53524796
54049106
54573338
55097704
55621944
56146252
56670562
57194838
57719168
58243414
58767488
59291748
59816066
60340366
60864718
61388916
61913100
62437440
62961758
63486016
64010332
64534616
65058902
65583236
66107546
66631814
48132
572422
1096712
1621002
2145294
2669594
3193892
3718238
4242780
4767144
5291454
5815690
6339964
6864268
7388560
7912818
8437082
8961376
9485688
10009988
10534242
11058506
11582794
12107092
12631368
13155628
13679886
14204194
14728494
15252808
15777072
16301412
16825684
17349926
17874198
18398530
18922788
19447066
19971416
20495738
21020034
21544320
22068542
22592870
23117166
23641452
24165750
24690060
25214342
25738646
26262916
26787208
27311504
27835778
28360042
28884324
29408598
29932890
30457180
30981472
31505756
32030058
32554340
33078624
33602904
34127176
34651470
35175786
35700058
36224304
36748560
37272810
37797146
38321472
38845704
39369992
39894308
40418656
40942844
41467172
41991382
42515734
43040062
43564274
44088498
44612962
45137114
45661430
46185760
46710066
47234266
47758602
48282856
48807172
49331474
49855752
50380060
50904198
51428608
51952896
52477276
53001508
53525808
54050086
54574362
55098758
55622912
56147296
56671574
57195852
57720122
58244344
58768500
59292794
59817118
60341440
60865670
61390044
61914274
62438436
62962778
63487036
64011344
64535628
65059926
65584222
66108580
66632862
49154
573440
1097730
1622018
2146308
2670602
3194920
3719474
4243880
4768194
5292430
5816692
6340982
6865290
7389560
7913814
8438098
8962398
9486694
10010974
10535236
11059512
11583814
12108092
12632338
13156636
13680932
14205266
14729582
15253870
15778170
16302432
16826746
17351020
17875286
18399570
18923840
19448116
19972470
20496764
21021056
21545288
22069596
22593906
23118222
23642482
24166742
24690988
25215310
25739606
26263910
26788224
27312496
27836768
28361050
28885312
29409622
29933908
30458196
30982486
31506778
32031054
32555348
33079636
33603926
34128218
34652482
35176788
35701092
36225306
36749584
37273838
37798170
38322490
38846748
39370986
39895308
40419632
40943896
41468216
41992444
42516676
43041100
43565328
44089542
44613894
45138240
45662454
46186788
46711084
47235386
47759554
48283920
48808082
49332474
49856784
50381110
50905274
51429626
51953942
52478232
53002412
53526880
54051124
54575340
55099614
55624008
56148316
56672550
57196856
57721044
58245246
58769508
59293802
59818116
60342390
60866616
61390902
61915338
62439556
62963842
63488078
64012368
64536662
65060952
65585230
66109626
66633906
50176
574464
1098752
1623040
2147332
2671658
3196198
3720604
4244928
4769170
5293430
5817708
6342008
6866286
7390552
7914836
8439104
8963398
9487706
10011964
10536238
11060532
11584804
12109098
12633406
13157642
13681940
14206282
14730608
15254918
15779188
16303466
16827736
17352026
17876320
18400630
18924874
19449152
19973462
20497752
21021994
21546310
22070634
22594944
23119220
23643498
24167772
24692074
25216374
25740648
26264950
26789222
27313508
27837776
28362042
28886344
29410622
29934918
30459220
30983512
31507794
32032084
32556360
33080628
33604938
34129236
34653508
35177796
35702120
36226302
36750612
37274862
37799196
38323502
38847790
39372022
39896282
40420642
40944952
41469218
41993478
42517756
43042034
43566416
44090574
44614916
45139110
45663432
46187788
46711992
47236434
47760652
48284926
48809146
49333470
49857790
50382160
50906258
51430690
51954994
52479258
53003476
53527868
54052096
54576468
55100700
55624968
56149270
56673598
57197770
57722026
58246250
58770538
59294816
59819074
60343340
60867626
61391922
61916226
62440530
62964804
63489104
64013404
64537688
65061980
65586244
66110692
66634948
51202
575490
1099778
1624068
2148400
2672956
3197334
3721662
4245892
4770146
5294448
5818732
6343018
6867274
7391574
7915858
8440138
8964416
9488706
10012970
10537268
11061574
11585868
12110116
12634294
13158630
13683042
14207366
14731652
15255874
15780208
16304490
16828768
17353054
17877362
18401640
18925912
19450188
19974452
20498710
21023028
21547350
22071662
22595952
23120230
23644496
24168792
24693104
25217402
25741690
26265968
26790218
27314520
27838806
28363088
28887354
29411644
29935952
30460248
30984526
31508806
32033100
32557372
33081658
33605948
34130232
34654522
35178796
35703108
36227290
36751622
37275878
37800242
38324486
38848814
39373044
39897312
40421686
40945928
41470226
41994516
42518822
43043008
43567420
44091640
44615950
45140192
45664368
46188838
46712998
47237304
47761766
48285964
48810252
49334532
49858862
50383064
50907338
51431548
51956062
52480310
53004578
53528850
54053140
54577430
55101728
55626052
56150282
56674504
57198754
57723058
58247336
58771620
59295888
59820122
60344394
60868678
61392944
61917230
62441670
62965874
63490212
64014442
64538702
65062984
65587346
66111724
66635980
52230
576522
1100814
1625140
2149696
2674076
3198390
3722646
4246882
4771172
5295468
5819728
6344028
6868296
7392604
7916898
8441168
8965434
9489724
10014010
10538316
11062580
11586776
12111014
12635370
13159666
13684004
14208282
14732590
15256910
15781206
16305512
16829770
17354078
17878372
18402654
18926928
19451214
19975522
20499788
21024082
21548360
22072678
22596974
23121240
23645502
24169804
24694118
25218424
25742702
26266964
26791256
27315552
27839842
28364140
28888420
29412674
29936954
30461242
30985534
31509840
32034102
32558390
33082678
33606954
34131236
34655530
35179810
35704142
36228328
36752558
37276870
37801272
38325536
38849798
39374114
39898364
40422682
40946942
41471258
41995520
42519842
43044100
43568298
44092716
44616914
45141276
45665468
46189744
46714152
47238280
47762744
48287004
48811258
49335592
49859882
50384188
50908376
51432530
51956960
52481310
53005618
53529886
54054142
54578474
55102744
55627044
56151334
56675444
57199750
57724050
58248340
58772620
59296912
59821188
60345486
60869766
61394050
61918332
62442644
62966962
63491264
64015598
64539768
65064028
65588442
66112740
66637000
53270
577568
1101884
1626432
2150798
2675124
3199382
3723636
4247894
4772198
5296470
5820748
6345024
6869302
7393634
7917904
8442166
8966462
9490748
10015048
10539254
11063450
11587826
12112120
12636436
13160740
13685040
14209346
14733648
15257960
15782234
16306468
16830784
17355076
17879380
18403650
18927956
19452228
19976520
20500814
21025094
21549398
22073710
22597974
23122196
23646510
24170836
24695162
25219424
25743702
26267984
26792272
27316552
27840850
28365148
28889422
29413722
29938000
30462250
30986534
31510812
32035094
32559384
33083700
33607976
34132268
34656532
35180850
35705150
36229396
36753692
37277904
37802278
38326568
38850788
39375122
39899386
40423634
40947988
41472302
41996500
42520816
43045156
43569338
44093640
44617990
45142228
45666570
46190750
46715048
47239408
47763674
48288098
48812232
49336620
49860886
50385224
50909418
51433628
51957918
52482344
53006556
53530904
54055154
54579464
55103722
55628046
56152162
56676424
57200734
57725034
58249330
58773620
59297898
59822164
60346440
60870736
61395030
61919330
62443638
62967950
63492256
64016532
64540768
65065142
65589468
66113740
66638002
54318
578624
1103158
1627520
2151836
2676126
3200392
3724630
4248924
4773206
5297478
5821764
6346004
6870326
7394630
7918896
8443180
8967480
9491736
10015908
10540154
11064542
11588874
12113190
12637504
13161776
13686078
14210374
14734662
15258966
15783204
16307498
16831816
17356106
17880398
18404642
18928952
19453234
19977540
20501844
21026118
21550402
22074714
22598978
23123258
23647572
24171870
24696150
25220440
25744722
26269008
26793292
27317584
27841882
28366146
28890434
29414746
29939024
30463314
30987580
31511828
32036118
32560426
33084722
33609004
34133274
34657564
35181866
35706184
36230454
36754690
37278972
37803274
38327590
38851814
39376142
39900394
40424640
40948982
41473342
41997548
42521856
43046134
43570440
44094712
44618954
45143326
45667624
46191842
46716068
47240352
47764702
48289012
48813354
49337646
49861870
50386128
50910504
51434758
51958924
52483332
53007664
53531964
54056194
54580478
55104800
55628978
56153122
56677416
57201728
57726028
58250332
58774632
59298922
59823202
60347486
60871774
61396060
61920340
62444624
62968928
63493234
64017498
64541814
65066174
65590460
66114732
66638992
55364
579866
1104254
1628528
2152864
2677112
3201360
3725644
4249934
4774206
5298496
5822752
6346962
6871370
7395626
7919908
8444190
8968430
9492684
10016988
10541290
11065622
11589932
12114260
12638536
13162806
13687110
14211412
14735702
15259986
15784238
16308550
16832840
17357116
17881404
18405680
18929970
19454258
19978536
20502840
21027128
21551380
22075710
22600016
23124296
23648578
24172890
24697142
25221452
25745746
26270038
26794310
27318598
27842908
28367174
28891456
29415746
29940026
30464304
30988582
31512862
32037184
32561470
33085758
33610026
34134298
34658592
35182856
35707206
36231460
36755684
37280030
37804274
38328618
38852848
39377174
39901416
40425670
40949924
41474360
41998580
42522918
43047118
43571466
44095744
44620022
45144274
45668634
46192918
46717166
47241350
47765798
48290040
48814226
49338514
49862962
50387132
50911380
51435766
51960018
52484324
53008572
53532958
54057238
54581318
55105598
55629866
56154142
56678430
57202732
57727040
58251352
58775658
59299960
59824248
60348534
60872816
61397096
61921372
62445642
62969924
63494226
64018524
64542842
65067158
65591448
66115722
66639986
56546
580980
1105252
1629570
2153856
2678100
3202362
3726658
4250940
4775212
5299476
5823718
6348142
6872412
7396658
7920924
8445200
8969526
9493810
10018086
10542378
11066686
11590968
12115292
12639570
13163818
13688106
14212420
14736726
15261002
15785262
16309580
16833860
17358136
17882430
18406722
18930976
19455258
19979558
20503876
21028170
21552438
22076742
22601024
23125286
23649602
24173876
24698142
25222472
25746742
26271040
26795330
27319610
27843906
28368162
28892474
29416758
29941042
30465324
30989594
31513892
32038202
32562498
33086788
33611052
34135330
34659604
35183866
35708210
36232468
36756712
37281050
37805274
38329592
38853902
39378200
39902458
40426716
40950990
41475358
41999614
42523954
43048170
43572436
44096722
44621102
45145248
45669542
46193890
46718216
47242460
47766670
48291102
48815390
49339618
49863872
50388222
50912468
51436688
51960990
52485340
53009618
53533880
54058064
54582320
55106602
55630888
56155176
56679464
57203756
57728066
58252384
58776696
59301006
59825300
60349584
60873862
61398134
61922404
62446670
62970942
63495246
64019508
64543820
65068140
65592436
66116716
66640986
57692
581986
1106282
1630574
2154852
2679090
3203368
3727652
4251920
4776196
5300386
5824854
6349156
6873438
7397710
7921986
8446280
8970586
9494836
10019116
10543422
11067730
11591996
12116280
12640560
13164866
13689140
14213386
14737710
15262002
15786306
16310592
16834868
17359160
17883458
18407750
18932026
19456292
19980566
20504894
21029174
21553452
22077722
22602024
23126304
23650620
24174884
24699142
25223470
25747770
26272046
26796336
27320626
27844906
28369174
28893484
29417774
29942070
30466336
30990628
31514918
32039200
32563518
33087790
33612062
34136348
34660606
35184900
35709224
36233500
36757744
37282060
37806316
38330568
38854896
39379218
39903510
40427748
40952046
41476300
42000652
42524940
43049192
43573490
44097702
44622110
45146310
45670592
46194872
46719130
47243524
47767764
48291954
48816344
49340662
49864886
50389170
50913552
51437818
51962036
52486302
53010528
53534792
54059058
54583342
55107632
55631922
56156210
56680498
57204794
57729102
58253420
58777738
59302048
59826346
60350634
60874908
61399172
61923434
62447696
62971964
63496240
64020522
64544814
65069128
65593430
66117716
66641994
58678
583034
1107270
1631566
2155832
2680082
3204360
3728656
4253018
4777328
5301634
5825892
6350166
6874452
7398706
7922996
8447318
8971592
9495852
10020138
10544462
11068740
11593018
12117316
12641608
13165912
13690198
14214478
14738732
15263016
15787302
16311614
16835880
17360180
17884474
18408770
18933048
19457322
19981578
20505928
21030210
21554496
22078768
22603028
23127322
23651636
24175906
24700168
25224420
25748756
26273062
26797344
27321646
27845936
28370196
28894504
29418792
29943078
30467356
30991652
31515926
32040196
32564488
33088798
33613086
34137354
34661640
35185936
35710246
36234550
36758760
37283112
37807358
38331606
38855922
39380174
39904548
40428756
40953094
41477284
42001694
42525940
43050238
43574518
44098780
44623066
45147396
45671598
46195950
46720242
47244438
47768818
48293088
48817292
49341632
49865944
50390200
50914480
51438704
51962972
52487250
53011522
53535804
54060090
54584378
55108666
55632958
56157244
56681532
57205830
57730140
58254456
58778776
59303086
59827386
60351680
60875956
61400214
61924468
62448724
62972988
63497260
64021544
64545832
65070134
65594436
66118726
66643010
59760
584026
1108274
1632556
2156800
2681076
3205382
3729694
4254062
4778448
5302666
5826902
6351174
6875444
7399714
7924024
8448326
8972578
9496870
10021184
10545492
11069744
11594034
12118322
12642638
13166924
13691232
14215498
14739754
15264040
15788332
16312646
16836922
17361202
17885480
18409760
18934040
19458330
19982604
20506918
21031214
21555508
22079786
22604066
23128364
23652660
24176938
24701206
25225474
25749736
26274046
26798376
27322676
27846948
28371204
28895536
29419818
29944088
30468374
30992656
31516950
32041240
32565526
33089844
33614122
34138376
34662670
35186956
35711238
36235580
36759788
37284134
37808398
38332614
38856990
39381170
39905536
40429758
40954146
41478342
42002678
42526952
43051290
43575512
44099854
44624042
45148308
45672640
46196968
46721208
47245524
47769808
48294112
48818376
49342648
49866898
50391176
50915434
51439716
51963992
52488274
53012552
53536836
54061126
54585418
55109706
55633994
56158280
56682570
57206866
57731176
58255492
58779808
59304122
59828424
60352716
60876998
61401256
61925504
62449754
62974014
63498282
64022562
64546852
65071148
65595448
66119740
66644028
60746
585028
1109294
1633552
2157772
2682114
3206470
3730790
4255148
4779424
5303644
5827910
6352202
6876476
7400760
7925058
8449320
8973592
9497890
10022182
10546506
11070756
11595052
12119342
12643658
13167932
13692242
14216508
14740778
15265058
15789372
16313660
16837958
17362240
17886508
18410790
18935086
19459370
19983638
20507904
21032232
21556528
22080806
22605082
23129340
23653694
24177952
24702216
25226502
25750806
26275086
26799366
27323654
27847940
28372254
28896548
29420832
29945106
30469384
30993688
31517980
32042238
32566528
33090858
33615144
34139396
34663688
35187990
35712204
36236596
36760844
37285116
37809420
38333620
38858004
39382260
39906474
40430792
40955152
41479422
42003670
42527944
43052252
43576554
44100866
44625118
45149308
45673700
46197930
46722266
47246510
47770780
48295084
48819378
49343622
49867906
50392192
50916468
51440744
51965024
52489304
53013588
53537872
54062164
54586456
55110742
55635030
56159316
56683604
57207900
57732202
58256520
58780840
59305150
59829450
60353744
60878028
61402296
61926542
62450788
62975040
63499302
64023580
64547870
65072166
65596462
66120754
66645046
61760
586042
1110336
1634534
2158858
2683210
3207546
3731830
4256118
4780374
5304660
5828936
6353244
6877530
7401816
7926084
8450306
8974578
9498882
10023212
10547512
11071778
11596062
12120372
12644670
13168938
13693258
14217520
14741802
15266090
15790406
16314704
16838966
17363236
17887520
18411814
18936112
19460392
19984654
20508914
21033234
21557526
22081786
22606066
23130316
23654628
24178982
24703244
25227526
25751812
26276098
26800388
27324662
27848952
28373268
28897566
29421860
29946138
30470432
30994712
31518988
32043218
32567524
33091864
33616154
34140418
34664702
35189034
35713280
36237554
36761904
37286106
37810476
38334656
38858976
39383320
39907516
40431766
40956116
41480470
42004726
42528970
43053200
43577520
44101812
44626130
45150372
45674746
46198992
46723240
47247498
47771780
48296064
48820356
49344650
49868938
50393224
50917506
51441784
51966060
52490340
53014622
53538910
54063202
54587490
55111778
55636068
56160352
56684640
57208930
57733228
58257542
58781860
59306172
59830472
60354764
60879048
61403318
61927574
62451822
62976068
63500326
64024596
64548888
65073182
65597476
66121768
66646060
62770
587068
1111296
1635664
2159978
2684266
3208554
3732802
4257102
4781400
5305680
5829980
6354276
6878558
7402792
7927056
8451304
8975596
9499894
10024246
10548524
11072762
11597052
12121384
12645674
13169926
13694244
14218536
14742820
15267116
15791414
16315714
16839994
17364254
17888522
18412836
18937130
19461416
19985684
20509952
21034266
21558546
22082836
22607118
23131374
23655620
24179936
24704268
25228542
25752832
26277112
26801400
27325684
27849978
28374274
28898582
29422884
29947138
30471422
30995724
31519988
32044214
32568514
33092878
33617154
34141436
34665704
35190022
35714356
36238532
36762928
37287162
37811474
38335712
38859994
39384328
39908560
40432842
40957110
41481454
42005772
42530006
43054246
43578550
44102894
44627068
45151362
45675734
46200028
46724276
47248550
47772828
48297110
48821402
49345692
49869978
50394264
50918548
51442828
51967104
52491376
53015656
53539944
54064234
54588522
55112812
55637100
56161386
56685670
57209962
57734254
58258560
58782876
59307184
59831484
60355774
60880058
61404330
61928594
62452848
62977096
63501352
64025622
64549906
65074198
65598484
66122774
66647066
63778
588032
1112414
1636714
2161012
2685280
3209550
3733824
4258110
4782406
5306708
5831012
6355308
6879562
7403796
7928060
8452318
8976606
9500932
10025260
10549538
11073810
11598096
12122380
12646640
13170934
13695216
14219550
14743832
15268138
15792426
16316706
16840958
17365206
17889466
18413824
18938122
19462412
19986700
20510972
21035300
21559570
22083864
22608142
23132404
23656684
24180980
24705234
25229522
25753818
26278134
26802428
27326694
27850992
28375302
28899614
29423886
29948160
30472464
30996728
31520990
32045234
32569486
33093854
33618170
34142426
34666702
35191008
35715390
36239618
36763852
37288218
37812452
38336724
38861062
39385270
39909598
40433880
40958148
41482378
42006808
42531038
43055294
43579548
44103840
44628148
45152420
45676720
46201038
46725318
47249594
47773874
48298158
48822450
49346742
49871026
50395308
50919592
51443870
51968140
52492410
53016684
53540974
54065264
54589554
55113848
55638136
56162420
56686702
57210990
57735284
58259580
58783888
59308192
59832492
60356786
60881072
61405356
61929620
62453878
62978128
63502384
64026654
64550934
65075214
65599500
66123786
66648074
64812
589144
1113446
1637742
2162014
2686278
3210558
3734846
4259122
4783436
5307744
5832046
6356316
6880554
7404722
7929076
8453340
8977626
9501968
10026240
10550546
11074826
11599128
12123412
12647684
13171970
13696252
14220520
14744816
15269150
15793430
16317706
16841978
17366250
17890516
18414840
18939144
19463438
19987718
20511992
21036290
21560598
22084868
22609134
23133454
23657724
24182010
24706280
25230544
25754876
26279156
26803424
27327730
27852032
28376342
28900618
29424898
29949202
30473466
30997736
31521984
32046290
32570558
33094802
33619138
34143462
34667686
35191998
35716386
36240692
36764910
37289238
37813502
38337720
38862086
39386338
39910614
40434882
40959232
41483428
42007776
42532072
43056330
43580624
44104888
44629210
45153518
45677802
46202082
46726360
47250638
47774914
48299200
48823492
49347784
49872070
50396352
50920632
51444904
51969170
52493436
53017710
53541996
54066292
54590586
55114880
55639170
56163450
56687734
57212022
57736314
58260606
58784902
59309206
59833510
60357808
60882096
61406380
61930652
62454914
62979172
63503430
64027694
64551968
65076240
65600522
66124804
66649090
65880
590182
1114466
1638756
2163026
2687302
3211556
3735860
4260152
4784464
5308770
5833052
6357282
6881436
7405666
7930090
8454370
8978640
9502988
10027236
10551568
11075844
11600146
12124434
12648704
13172992
13697284
14221556
14745876
15270170
15794462
16318726
16843002
17367272
17891556
18415846
18940168
19464458
19988742
20513006
21037310
21561604
22085888
22610168
23134454
23658740
24183030
24707302
25231570
25755888
26280176
26804430
27328766
27853060
28377352
28901618
29425918
29950186
30474466
30998684
31523010
32047330
32571592
33095882
33620198
34144500
34668768
35192978
35717402
36241680
36765936
37290278
37814524
38338766
38863050
39387390
39911666
40435920
40960194
41484558
42008782
42533066
43057346
43581618
44105970
44630276
45154562
45678834
46203108
46727386
47251666
47775946
48300236
48824530
49348822
49873110
50397392
50921668
51445934
51970198
52494470
53018750
53543032
54067320
54591608
55115896
55640182
56164468
56688756
57213048
57737340
58261638
58785936
59310238
59834538
60358836
60883126
61407408
61931684
62455952
62980218
63504478
64028740
64553006
65077272
65601548
66125828
66650114
66922
591206
1115490
1639766
2164036
2688294
3212570
3736858
4261186
4785488
5309780
5833978
6358124
6882418
7406752
7931080
8455404
8979680
9504004
10028242
10552586
11076864
11601164
12125456
12649724
13173998
13698292
14222584
14746902
15271184
15795476
16319740
16844026
17368314
17892594
18416884
18941178
19465476
19989750
20514006
21038336
21562616
22086882
22611200
23135470
23659750
24184044
24708328
25232600
25756908
26281204
26805452
27329758
27854072
28378338
28902624
29426904
29951194
30475436
30999706
31524052
32048356
32572628
33096908
33621232
34145528
34669798
35194022
35718362
36242720
36766990
37291270
37815578
38339842
38864094
39388334
39912646
40437018
40961238
41485516
42009804
42534048
43058384
43582708
44107018
44631306
45155582
45679852
46204128
46728406
47252690
47776976
48301274
48825566
49349856
49874142
50398426
50922698
51446970
51971244
52495520
53019794
53544066
54068344
54592630
55116910
55641194
56165484
56689772
57214066
57738372
58262678
58786984
59311282
59835576
60359868
60884156
61408442
61932722
62456996
62981268
63505528
64029788
64554046
65078310
65602582
66126860
66651150
67944
592218
1116500
1640768
2165038
2689326
3213592
3737854
4262180
4786466
5310628
5834860
6359170
6883478
7407826
7932170
8456446
8980706
9505028
10029242
10553596
11077876
11602184
12126476
12650750
13175012
13699306
14223604
14747912
15272182
15796484
16320774
16845018
17369318
17893616
18417886
18942182
19466506
19990774
20515020
21039354
21563626
22087898
22612214
23136494
23660784
24185062
24709316
25233614
25757938
26282236
26806488
27330786
27855092
28379364
28903640
29427946
29952212
30476422
31000760
31525094
32049374
32573666
33097986
33622280
34146578
34670830
35195072
35719330
36243718
36768036
37292244
37816592
38340890
38865154
39389360
39913640
40437968
40962324
41486568
42010810
42535106
43059430
43583740
44108036
44632322
45156594
45680864
46205144
46729430
47253720
47778008
48302300
48826592
49350876
49875164
50399450
50923730
51448008
51972288
52496566
53020832
53545096
54069370
54593648
55117928
55642206
56166492
56690782
57215088
57739400
58263716
58788026
59312328
59836620
60360906
60885192
61409476
61933762
62458046
62982322
63506584
64030836
64555096
65079364
65603636
66127914
66652204
68968
593244
1117508
1641792
2166076
2690342
3214600
3738864
4263108
4787316
5311596
5835926
6360226
6884552
7408896
7933236
8457498
8981754
9506004
10030294
10554590
11078908
11603196
12127494
12651784
13176044
13700322
14224646
14748920
15273198
15797484
16321754
16846036
17370350
17894648
18418926
18943204
19467506
19991790
20516070
21040374
21564624
22088908
22613210
23137510
23661816
24186090
24710314
25234642
25758958
26283264
26807542
27331834
27856096
28380382
28904668
29428964
29953202
30477472
31001802
31526116
32050404
32574686
33099054
33623290
34147628
34671886
35196144
35720378
36244688
36768986
37293328
37817528
38341906
38866212
39390416
39914682
40439018
40963262
41487560
42011798
42536126
43060450
43584756
44109050
44633330
45157606
45681884
46206168
46730458
47254744
47779028
48303320
48827610
49351898
49876186
50400478
50924764
51449048
51973332
52497602
53021860
53546122
54070388
54594664
55118936
55643210
56167492
56691788
57216106
57740434
58264754
58789066
59313368
59837662
60361950
60886238
61410524
61934808
62459092
62983370
63507632
64031888
64556150
65080422
65604698
66128976
66653284
69958
594236
1118530
1642816
2167084
2691342
3215600
3739876
4264100
4788342
5312678
5836976
6361290
6885602
7409932
7934248
8458530
8982790
9507032
10031242
10555588
11079890
11604146
12128480
12652804
13177082
13701308
14225638
14749952
15274236
15798478
16322764
16847082
17371380
17895672
18419950
18944230
19468518
19992818
20517096
21041388
21565654
22089944
22614234
23138548
23662834
24187110
24711330
25235686
25759992
26284288
26808564
27332860
27857124
28381410
28905694
29429980
29954198
30478532
31002840
31527130
32051418
32575708
33100064
33624308
34148614
34672950
35197184
35721410
36245772
36770022
37294314
37818590
38342854
38867208
39391496
39915682
40439992
40964150
41488458
42012804
42537148
43061462
43585760
44110054
44634342
45158624
45682908
46207194
46731480
47255764
47780052
48304346
48828640
49352928
49877218
50401508
50925800
51450086
51974364
52498626
53022884
53547140
54071406
54595672
55119936
55644210
56168494
56692796
57217130
57741464
58265792
58790104
59314402
59838696
60362982
60887272
61411558
61935842
62460126
62984406
63508676
64032940
64557204
65081480
65605810
66130164
66654512
70980
595260
1119546
1643826
2168080
2692334
3216600
3740860
4265080
4789382
5313746
5838042
6362340
6886628
7410968
7935262
8459538
8983802
9508054
10032344
10556652
11080884
11605146
12129438
12653720
13178014
13702318
14226588
14750868
15275168
15799480
16323794
16848090
17372378
17896676
18420966
18945244
19469544
19993824
20518114
21042410
21566660
22090978
22615272
23139572
23663860
24188128
24712370
25236722
25761024
26285304
26809560
27333856
27858150
28382428
28906700
29430982
29955238
30479562
31003856
31528140
32052426
32576752
33101098
33625372
34149604
34673912
35198260
35722488
36246746
36771066
37295380
37819614
38343880
38868192
39392506
39916750
40440882
40965154
41489476
42013820
42538146
43062456
43586758
44111060
44635354
45159642
45683926
46208212
46732500
47256790
47781084
48305380
48829670
49353958
49878248
50402542
50926830
51451108
51975382
52499648
53023906
53548160
54072418
54596676
55120936
55645214
56169504
56693818
57218158
57742498
58266826
58791136
59315434
59839724
60364010
60888298
61412584
61936870
62461158
62985436
63509710
64033984
64558306
65082660
65607018
66131362
66655682
71992
596272
1120550
1644816
2169062
2693316
3217574
3741822
4266112
4790440
5314804
5839076
6363366
6887664
7411998
7936284
8460546
8984808
9509044
10033404
10557724
11081950
11606230
12130514
12654792
13179088
13703384
14227668
14751940
15276238
15800534
16324834
16849122
17373410
17897686
18421986
18946266
19470558
19994836
20519136
21043430
21567694
22092012
22616310
23140600
23664876
24189128
24713392
25237754
25762030
26286310
26810576
27334870
27859144
28383442
28907710
29431988
29956278
30480592
31004884
31529184
32053460
32577804
33102070
33626426
34150690
34674938
35199244
35723538
36247760
36772006
37296368
37820690
38344896
38869234
39393492
39917702
40441886
40966184
41490502
42014832
42539146
43063456
43587764
44112068
44636362
45160648
45684934
46209224
46733518
47257818
47782112
48306404
48830694
49354982
49879274
50403566
50927848
51452126
51976398
52500662
53024920
53549170
54073422
54597678
55121950
55646236
56170530
56694854
57219192
57743532
58267854
58792164
59316462
59840750
60365036
60889324
61413614
61937902
62462188
62986474
63510798
64035136
64559486
65083808
65608112
66132424
66656726
72994
597268
1121534
1645792
2170048
2694292
3218556
3742848
4267156
4791482
5315830
5840122
6364396
6888700
7413026
7937306
8461564
8985792
9510086
10034448
10558738
11083000
11607282
12131546
12655848
13180144
13704432
14228710
14752978
15277286
15801582
16325872
16850160
17374440
17898712
18423010
18947294
19471580
19995852
20520160
21044450
21568706
22093034
22617336
23141630
23665884
24190170
24714398
25238708
25763050
26287322
26811584
27335878
27860178
28384476
28908742
29432994
29957312
30481616
31005924
31530198
32054532
32578870
33103134
33627410
34151694
34675972
35200226
35724512
36248802
36773098
37297386
37821660
38345896
38870208
39394502
39918630
40442922
40967220
41491530
42015840
42540152
43064462
43588766
44113072
44637364
45161648
45685942
46210244
46734546
47258844
47783136
48307420
48831708
49355998
49880292
50404576
50928858
51453136
51977404
52501660
53025910
53550160
54074416
54598688
55122972
55647260
56171564
56695898
57220232
57744566
58268882
58793190
59317490
59841776
60366062
60890348
61414642
61938948
62463258
62987592
63511938
64036250
64560572
65084876
65609168
66133458
66657738
73976
598248
1122512
1646766
2171014
2695302
3219584
3743878
4268222
4792514
5316846
5841150
6365418
6889718
7414026
7938316
8462566
8986798
9511124
10035464
10559756
11084008
11608294
12132572
12656876
13181172
13705450
14229732
14754002
15278306
15802596
16326898
16851168
17375448
17899742
18424040
18948318
19472606
19996882
20521186
21045470
21569736
22093992
22618332
23142638
23666904
24191168
24715432
25239712
25763960
26288278
26812612
27336922
27861218
28385498
28909762
29434038
29958350
30482652
31006964
31531224
32055622
32579888
33104154
33628478
34152738
34677010
35201270
35725550
36249838
36774160
37298428
37822756
38347034
38871282
39395488
39919660
40443956
40968254
41492556
42016854
42541156
43065460
43589766
44114068
44638358
45162654
45686960
46211266
46735566
47259858
47784148
48308432
48832722
49357016
49881306
50405586
50929862
51454134
51978396
52502648
53026894
53551146
54075418
54599708
55123998
55648286
56172596
56696932
57221260
57745590
58269904
58794212
59318512
59842810
60367118
60891424
61415752
61940090
62464420
62988740
63513048
64037340
64561634
65085928
65610206
66134448
66658704
74948
599208
1123452
1647738
2172054
2696334
3220622
3744950
4269248
4793554
5317870
5842136
6366434
6890730
7415044
7939312
8463542
8987896
9512170
10036500
10560762
11085014
11609310
12133602
12657902
13182186
13706464
14230748
14755032
15279322
15803614
16327906
16852186
17376472
17900778
18425078
18949342
19473626
19997902
20522194
21046488
21570760
22095042
22619358
23143630
23667912
24192198
24716490
25240758
25765002
26289298
26813650
27337936
27862226
28386500
28910788
29435072
29959388
30483680
31007962
31532266
32056582
32580944
33105216
33629494
34153802
34678050
35202314
35726596
36250892
36775198
37299466
37823712
38347990
38872286
39396426
39920702
40444992
40969286
41493576
42017864
42542164
43066462
43590768
44115066
44639358
45163670
45687978
46212286
46736584
47260872
47785160
48309446
48833738
49358032
49882316
50406592
50930860
51455122
51979382
52503628
53027876
53552150
54076442
54600736
55125026
55649318
56173628
56697954
57222290
57746630
58270962
58795290
59319634
59843950
60368288
60892606
61416924
61941228
62465524
62989812
63514088
64038360
64562648
65086936
65611212
66135478
66659756
75884
600172
1124488
1648786
2173066
2697358
3221678
3745982
4270278
4794590
5318894
5843152
6367452
6891744
7416048
7940278
8464562
8988876
9513174
10037478
10561752
11086034
11610330
12134634
12658920
13183196
13707480
14231766
14756056
15280336
15804626
16328906
16853198
17377474
17901792
18426094
18950372
19474636
19998920
20523208
21047502
21571776
22096086
22620388
23144668
23668950
24193230
24717534
25241770
25766006
26290366
26814682
27338972
27863256
28387518
28911792
29436092
29960402
30484702
31008982
31533288
32057570
32581912
33106202
33630468
34154764
34679092
35203378
35727654
36251906
36776220
37300528
37824798
38349060
38873274
39397454
39921736
40446022
40970310
41494592
42018880
42543174
43067468
43591770
44116070
44640370
45164682
45688988
46213296
46737596
47261890
47786180
48310470
48834760
49359050
49883332
50407604
50931872
51456132
51980384
52504630
53028908
53553228
54077560
54601888
55126200
55650528
56174866
56699196
57223520
57747826
58272108
58796398
59320752
59845080
60369384
60893684
61417970
61942254
62466532
62990788
63515052
64039366
64563678
65087966
65612240
66136524
66660808
76920
601226
1125520
1649816
2174090
2698408
3222718
3747004
4271298
4795630
5319920
5844194
6368464
6892754
7417020
7941238
8465584
8989890
9514188
10038494
10562774
11087050
11611338
12135638
12659932
13184202
13708490
14232786
14757076
15281336
15805610
16329902
16854188
17378484
17902804
18427108
18951382
19475650
19999944
20524222
21048520
21572800
22097102
22621398
23145684
23669980
24194274
24718550
25242742
25767058
26291414
26815694
27339988
27864256
28388540
28912816
29437118
29961428
30485712
31010100
31534394
32058666
32582982
33107286
33631548
34155812
34680072
35204352
35728624
36252922
36777236
37301490
37825762
38350070
38874272
39398488
39922766
40447048
40971332
41495610
42019892
42544186
43068482
43592782
44117078
44641380
45165686
45689988
46214298
46738600
47262908
47787208
48311496
48835782
49360072
49884356
50408632
50932904
51457172
51981476
52505810
53030156
53554480
54078800
54603132
55127458
55651776
56176086
56700388
57224680
57748970
58273244
58797516
59321804
59846108
60370386
60894642
61418904
61943168
62467426
62991702
63516032
64040404
64564702
65088984
65613258
66137550
66661854
77972
602256
1126542
1650834
2175136
2699444
3223744
3748024
4272338
4796656
5320944
5845236
6369502
6893746
7417996
7942260
8466564
8990876
9515184
10039484
10563772
11088070
11612338
12136662
12660948
13185218
13709506
14233796
14758088
15282358
15806620
16330898
16855170
17379506
17903814
18428116
18952388
19476688
20000954
20525242
21049540
21573820
22098120
22622398
23146698
23671014
24195300
24719548
25243780
25768104
26292446
26816726
27341004
27865284
28389560
28913854
29438140
29962444
30486766
31011130
31535452
32059716
32584008
33108320
33632618
34156892
34681160
35205410
35729670
36253960
36778274
37302524
37826816
38351110
38875264
39399516
39923792
40448070
40972350
41496628
42020910
42545204
43069504
43593796
44118092
44642390
45166692
45691000
46215314
46739628
47263938
47788242
48312532
48836820
49361108
49885390
50409684
50934014
51458348
51982674
52506980
53031280
53555602
54079946
54604264
55128560
55652848
56177148
56701436
57225722
57750006
58274290
58798562
59322832
59847116
60371352
60895574
61419864
61944136
62468394
62992722
63517118
64041446
64565738
65090018
65614298
66138592
66662878
79006
603282
1127600
1651866
2176168
2700464
3224748
3749068
4273380
4797682
5321972
5846256
6370518
6894780
7419050
7943324
8467588
8991870
9516156
10040456
10564768
11089072
11613350
12137660
12661956
13186238
13710524
14234816
14759110
15283388
15807660
16331934
16856208
17380516
17904840
18429136
18953440
19477734
20001972
20526282
21050568
21574854
22099142
22623430
23147750
23672044
24196318
24720536
25244822
25769160
26293466
26817728
27342034
27866300
28390582
28914872
29439170
29963464
30487758
31012102
31536366
32060644
32585020
33109268
33633520
34157830
34682132
35206440
35730738
36255008
36779272
37303580
37827850
38352130
38876264
39400542
39924816
40449094
40973370
41497648
42021930
42546230
43070530
43594824
44119112
44643410
45167722
45692038
46216354
46740668
47264976
47789278
48313570
48837860
49362150
49886482
50410822
50935140
51459440
51983746
52508064
53032400
53556714
54081004
54605288
55129572
55653872
56178172
56702458
57226744
57751014
58275292
58799580
59323878
59848152
60372360
60896634
61420882
61945122
62469388
62993772
63518176
64042488
64566776
65091054
65615330
66139612
66663846
80064
604334
1128624
1652896
2177194
2701484
3225798
3750092
4274412
4798718
5322996
5847264
6371538
6895778
7420076
7944372
8468632
8992920
9517188
10041482
10565764
11090064
11614386
12138670
12662962
13187264
13711546
14235840
14760148
15284416
15808696
16332976
16857258
17381528
17905866
18430158
18954452
19478730
20003014
20527314
21051604
21575886
22100172
22624466
23148764
23673056
24197316
24721550
25245858
25770204
26294476
26818746
27343056
27867324
28391604
28915896
29440188
29964572
30488848
31013184
31537444
32061682
32586044
33110324
33634598
34158874
34683144
35207386
35731698
36255976
36780256
37304544
37828880
38353118
38877292
39401588
39925854
40450122
40974396
41498670
42022962
42547280
43071596
43595908
44120196
44644468
45168780
45693092
46217402
46741710
47266016
47790312
48314608
48838926
49363262
49887596
50411896
50936206
51460552
51984870
52509166
53033444
53557712
54082004
54606308
55130608
55654904
56179196
56703482
57227764
57752030
58276282
58800526
59324822
59849120
60373356
60897672
61421950
61946194
62470418
62994800
63519208
64043502
64567780
65092060
65616324
66140574
66664792
81070
605368
1129634
1653916
2178206
2702528
3226864
3751146
4275446
4799728
5324006
5848276
6372544
6896768
7421072
7945412
8469700
8993978
9518248
10042516
10566806
11091104
11615402
12139678
12663964
13188270
13712564
14236862
14761154
15285432
15809736
16334014
16858278
17382572
17906878
18431176
18955454
19479742
20004034
20528320
21052618
21576908
22101198
22625504
23149804
23674074
24198278
24722588
25246912
25771224
26295494
26819784
27344080
27868342
28392624
28916902
29441300
29965654
30489920
31014248
31538540
32062786
32587096
33111414
33635664
34159950
34684226
35208486
35732782
36257062
36781354
37305600
37829886
38354322
38878654
39402926
39927190
40451456
40975734
41500018
42024324
42548646
43072952
43597254
44121548
44645806
45170058
45694328
46218608
46742894
47267194
47791498
48315820
48840124
49364408
49888704
50413016
50937330
51461628
51985916
52510194
53034462
53558754
54083050
54607342
55131626
55655902
56180172
56704472
57228770
57753016
58277224
58801488
59325806
59850096
60374424
60898768
61423056
61947328
62471520
62995786
63520206
64044528
64568808
65093084
65617332
66141568
66665810
82120
606406
1130628
1654930
2179224
2703532
3227860
3752180
4276464
4800740
5325012
5849288
6373522
6897798
7422126
7946432
8470742
8995040
9519320
10043590
10567818
11092092
11616344
12140666
12664990
13189300
13713620
14237926
14762198
15286460
15810748
16335006
16859292
17383602
17907902
18432220
18956510
19480768
20005044
20529340
21053630
21577932
22102226
22626540
23150820
23675062
24199328
24723636
25247958
25772246
26296514
26820798
27345084
27869342
28393628
28917938
29442310
29966642
30490904
31015210
31539532
32063824
32588090
33112400
33636688
34160952
34685230
35209516
35733750
36258004
36782298
37306616
37831016
38355376
38879676
39403974
39928266
40452540
40976816
41501110
42025406
42549692
43074008
43598312
44122600
44646886
45171168
45695444
46219704
46743962
47268310
47792622
48316920
48841206
49365486
49889776
50414066
50938356
51462648
51986930
52511200
53035482
53559786
54084066
54608354
55132638
55656896
56181106
56705404
57229688
57753958
58278236
58802582
59326912
59851176
60375504
60899802
61424078
61948370
62472632
62996830
63521200
64045552
64569838
65094118
65618398
66142668
66666932
83140
607392
1131640
1655944
2180262
2704554
3228894
3753194
4277478
4801756
5326020
5850286
6374506
6898830
7423164
7947460
8471762
8996062
9520336
10044604
10568866
11093120
11617416
12141700
12666006
13190330
13714654
14238950
14763238
15287490
15811720
16336004
16860296
17384618
17908924
18433258
18957548
19481816
20006050
20530344
21054644
21578944
22103254
22627554
23151822
23676044
24200358
24724682
25248982
25773262
26297530
26821836
27346120
27870352
28394688
28919068
29443360
29967642
30491932
31016238
31540438
32064724
32589012
33113354
33637618
34161890
34686156
35210508
35734784
36259072
36783396
37307672
37832086
38356400
38880706
39404984
39929274
40453564
40977864
41502158
42026446
42550726
43074994
43599262
44123582
44647898
45172202
45696492
46220770
46745018
47269276
47793626
48317920
48842218
49366512
49890802
50415094
50939378
51463658
51987940
52512216
53036494
53560784
54085066
54609352
55133636
55657926
56182174
56706400
57230678
57754954
58279326
58803674
59327958
59852184
60376538
60900844
61425042
61949288
62473576
62997818
63522120
64046464
64570780
65095122
65619418
66143704
66667986
84130
608398
1132668
1656970
2181284
2705588
3229928
3754212
4278488
4802768
5327024
5851258
6375518
6899872
7424198
7948480
8472790
8997076
9521346
10045614
10569884
11094122
11618460
12142776
12667080
13191390
13715684
14239966
14764240
15288488
15812722
16337052
16861372
17385684
17909966
18434280
18958570
19482830
20007066
20531386
21055674
21579964
22104284
22628570
23152806
23677068
24201374
24725716
25250006
25774278
26298572
26822866
27347124
27871396
28395766
28920160
29444468
29968748
30493040
31017284
31541444
32065832
32590104
33114446
33638734
34162994
34687252
35211586
35735864
36260146
36784354
37308778
37833126
38357436
38881730
39406024
39930318
40454598
40978866
41503144
42027438
42551736
43076024
43600310
44124596
44648860
45173140
45697478
46221786
46746076
47270342
47794660
48318958
48843256
49367548
49891832
50416122
50940406
51464690
51988974
52513260
53037530
53561812
54086088
54610362
55134646
55658940
56183182
56707442
57231774
57756090
58280362
58804664
59328994
59853282
60377580
60901850
61426060
61950314
62474610
62998872
63523116
64047380
64571738
65096108
65620414
66144718
66669010
85162
609432
1133702
1658012
2182306
2706634
3230946
3755232
4279496
4803764
5328012
5852234
6376538
6900882
7425214
7949498
8473800
8998078
9522360
10046608
10570870
11095128
11619480
12143820
12668120
13192410
13716702
14240980
14765238
15289464
15813774
16338102
16862424
17386728
17911004
18435302
18959584
19483822
20008088
20532410
21056708
21581000
22105304
22629568
23153804
23678106
24202416
24726724
25251014
25775288
26299584
26823882
27348134
27872440
28396718
28921090
29445464
29969754
30494018
31018234
31542516
32066900
32591180
33115496
33639792
34164076
34688278
35212558
35736816
36261066
36785414
37309812
37834056
38358368
38882694
39407030
39931338
40455622
40979900
41504164
42028440
42552724
43077022
43601336
44125628
44649924
45174196
45698474
46222754
46747046
47271360
47795690
48319990
48844282
49368574
49892862
50417146
50941432
51465722
51990004
52514284
53038560
53562838
54087128
54611404
55135690
55659990
56184254
56708500
57232794
57757078
58281348
58805672
59330016
59854290
60378582
60902798
61427054
61951382
62475666
62999908
63524130
64048404
64572696
65097022
65621342
66145668
66669980
86202
610458
1134748
1659032
2183326
2707660
3231950
3756240
4280500
4804766
5328970
5853274
6377600
6901948
7426226
7950510
8474822
8999088
9523350
10047602
10571862
11096172
11620530
12144836
12669134
13193426
13717716
14242002
14766226
15290486
15814796
16339138
16863442
17387756
17912038
18436320
18960594
19484826
20009132
20533442
21057742
21582030
22106314
22630532
23154846
23679148
24203430
24727728
25252012
25776302
26300616
26824886
27349232
27873554
28397836
28922088
29446480
29970794
30495054
31019308
31543594
32067888
32592186
33116438
33640718
34164976
34689218
35213550
35737880
36262184
36786434
37310720
37834986
38359320
38883656
39408042
39932356
40456646
40980922
41505210
42029490
42553746
43078038
43602346
44126666
44650960
45175216
45699480
46223782
46748098
47272398
47796680
48320980
48845276
49369576
49893866
50418158
50942442
51466732
51991022
52515308
53039586
53563864
54088150
54612436
55136716
55661002
56185258
56709566
57233850
57758122
58282400
58806668
59330970
59855222
60379504
60903838
61428144
61952414
62476664
63000828
63524980
64049316
64573580
65097908
65622278
66146620
66670954
87222
611482
1135764
1660054
2184346
2708674
3232966
3757240
4281500
4805718
5329996
5854302
6378612
6902972
7427242
7951534
8475830
9000112
9524330
10048606
10572888
11097206
11621556
12145852
12670156
13194448
13718736
14242996
14767212
15291512
15815840
16340158
16864470
17388768
17913054
18437326
18961602
19485860
20010166
20534470
21058762
21583042
22107272
22631558
23155868
23680158
24204460
24728772
25253044
25777334
26301628
26825972
27350312
27874644
28398900
28923152
29447536
29971832
30496070
31020328
31544680
32068942
32593220
33117456
33641574
34165950
34690290
35214582
35738890
36263146
36787410
37311676
37835968
38360334
38884628
39409014
39933370
40457636
40981952
41506232
42030536
42554788
43079060
43603366
44127692
44651988
45176234
45700526
46224836
46749132
47273412
47797692
48321984
48846262
49370568
49894864
50419156
50943446
51467730
51992026
52516320
53040602
53564886
54089172
54613454
55137736
55662010
56186292
56710596
57234884
57759086
58283334
58807600
59331884
59856228
60380514
60904876
61429142
61953394
62477664
63001842
63526018
64050382
64574648
65099012
65623344
66147686
66671998
88252
612544
1136800
1661084
2185378
2709682
3233978
3758240
4282462
4806728
5331030
5855326
6379640
6903996
7428260
7952564
8476848
9001114
9525316
10049608
10573898
11098248
11622572
12146872
12671170
13195468
13719756
14243966
14768252
15292550
15816868
16341182
16865498
17389784
17914066
18438352
18962606
19486888
20011196
20535486
21059766
21584024
22108282
22632602
23156896
23681174
24205516
24729804
25254074
25778350
26302650
26826938
27351248
27875636
28399860
28924152
29448548
29972796
30497004
31021266
31545680
32069952
32594226
33118378
33642564
34167030
34691358
35215622
35739876
36264198
36788374
37312728
37836972
38361344
38885656
39409846
39934198
40458498
40982848
41507166
42031496
42555760
43080100
43604408
44128722
44653010
45177274
45701592
46225876
46750158
47274416
47798690
48322972
48847256
49371560
49895854
50420150
50944448
51468732
51993018
52517312
53041590
53565878
54090182
54614466
55138758
55663024
56187268
56711608
57235910
57760114
58284314
58808654
59332948
59857212
60381540
60905856
61430070
61954366
62478660
63002894
63527036
64051338
64575680
65100024
65624350
66148706
66673022
89286
613554
1137836
1662066
2186382
2710706
3234968
3759178
4283476
4807754
5332052
5856348
6380672
6905012
7429272
7953576
8477868
9002100
9526334
10050626
10574914
11099264
11623592
12147898
12672196
13196486
13720746
14244974
14769284
15293564
15817896
16342202
16866510
17390796
17915090
18439356
18963628
19487926
20012216
20536494
21060752
21585026
22109324
22633626
23157918
23682206
24206512
24730798
25255074
25779376
26303730
26827998
27352288
27876632
28400932
28925162
29449602
29973850
30498086
31022202
31546678
32070928
32595104
33119300
33643614
34168062
34692426
35216694
35740982
36265248
36789392
37313790
37838004
38362382
38886636
39410788
39935128
40459434
40983760
41508104
42032480
42556796
43081130
43605440
44129736
44654002
45178252
45702598
46226892
46751160
47275424
47799698
48323978
48848256
49372558
49896872
50421164
50945456
51469748
51994022
52518312
53042572
53566842
54091126
54615422
55139734
55664002
56188222
56712546
57236888
57761094
58285394
58809668
59333954
59858218
60382522
60906778
61431006
61955382
62479636
63003854
63528086
64052330
64576618
65100982
65625366
66149714
66674012
90266
614588
1138866
1663134
2187388
2711644
3235914
3760202
4284504
4808782
5333076
5857372
6381704
6906038
7430302
7954600
8478884
9003052
9527364
10051666
10575958
11100286
11624614
12148914
12673212
13197504
13721714
14246000
14770294
15294596
15818908
16343218
16867524
17391824
17916100
18440358
18964660
19488944
20013222
20537518
21061810
21586046
22110344
22634630
23158926
23683234
24207512
24731800
25256100
25780506
26304806
26829064
27353384
27877682
28402016
28926232
29450526
29974854
30499094
31023258
31547754
32071996
32596124
33120358
33644676
34169072
34693454
35217722
35742004
36266234
36790400
37314702
37838974
38363358
38887698
39411832
39936218
40460514
40984780
41509072
42033462
42557766
43082132
43606476
44130762
44654958
45179248
45703570
46227876
46752190
47276464
47800732
48325016
48849298
49373592
49897880
50422170
50946462
51470742
51995012
52519298
53043584
53567856
54092124
54616380
55140616
55664896
56189204
56713476
57237804
57762110
58286384
58810658
59334982
59859186
60383450
60907706
61432090
61956398
62480638
63004884
63529158
64053490
64577756
65102056
65626410
66150722
66675012
91316
615604
1139876
1664156
2188424
2712684
3236972
3761264
4285542
4809816
5334094
5858394
6382730
6907054
7431320
7955622
8479850
9004088
9528382
10052686
10576990
11101326
11625644
12149946
12674232
13198492
13722716
14247022
14771304
15295622
15819934
16344250
16868552
17392840
17917070
18441374
18965678
19489936
20014306
20538636
21062934
21587172
22111392
22635666
23159970
23684240
24208528
24732818
25257190
25781554
26305802
26830022
27354446
27878708
28403062
28927272
29451550
29975836
30500068
31024364
31548750
32072978
32597188
33121434
33645750
34170076
34694394
35218652
35742940
36267230
36791534
37315826
37840086
38364358
38888646
39412860
39937312
40461664
40985940
41510154
42034492
42558794
43083034
43607466
44131748
44655940
45180258
45704584
46228870
46753184
47277470
47801736
48326018
48850308
49374608
49898896
50423186
50947484
51471762
51996022
52520308
53044592
53568870
54093150
54617428
55141696
55665944
56190206
56714512
57238742
57763012
58287324
58811662
59335948
59860158
60384460
60908798
61433102
61957362
62481636
63005914
63530244
64054610
64578870
65103122
65627458
66151756
66675998
92326
616596
1140888
1665190
2189472
2713752
3238018
3762278
4286556
4810846
5335132
5859418
6383756
6908084
7432346
7956640
8480842
9005118
9529422
10053714
10578028
11102350
11626660
12150966
12675250
13199482
13723754
14248040
14772334
15296652
15820962
16345278
16869574
17393816
17918098
18442396
18966712
19491106
20015446
20539716
21063998
21588256
22112512
22636782
23160998
23685264
24209544
24733946
25258276
25782558
26306736
26831006
27355474
27879670
28404010
28928264
29452526
29976858
30501170
31025478
31549746
32073978
32598274
33122546
33646850
34171170
34695472
35219748
35744026
36268324
36792620
37316928
37841226
38365506
38889688
39413992
39938326
40462624
40986962
41511206
42035542
42559790
43083956
43608314
44132694
44656972
45181270
45705572
46229862
46754160
47278420
47802700
48327014
48851350
49375674
49899960
50424228
50948472
51472728
51997056
52521344
53045616
53569868
54094164
54618482
55142786
55667060
56191338
56715522
57239700
57763962
58288270
58812548
59336852
59861156
60385446
60909766
61434074
61958392
62482714
63007008
63531320
64055622
64579912
65104206
65628500
66152772
66677022
93374
617638
1141924
1666206
2190492
2714776
3239056
3763350
4287590
4811870
5336176
5860476
6384786
6909104
7433372
7957636
8481922
9006192
9530444
10054760
10579068
11103374
11627680
12151986
12676264
13200520
13724818
14249088
14773378
15297686
15821996
16346306
16870552
17394826
17919154
18443532
18967890
19492198
20016494
20540774
21065040
21589308
22113588
22637850
23162148
23686432
24210742
24735054
25259350
25783592
26307804
26832138
27356408
27880706
28405062
28929194
29453536
29977906
30502196
31026540
31550784
32075028
32599354
33123638
33647934
34172222
34696544
35220814
35745076
36269368
36793646
37317966
37842270
38366550
38890838
39415134
39939434
40463708
40988004
41512286
42036506
42560730
43085014
43609240
44133716
44658032
45182320
45706568
46230842
46755098
47279420
47803726
48328044
48852364
49376654
49900882
50425178
50949472
51473746
51998064
52522354
53046628
53570908
54095212
54619482
55143730
55668010
56192288
56716474
57240716
57764960
58289286
58813542
59337866
59862168
60386440
60910732
61435094
61959454
62483744
63008054
63532362
64056656
64580962
65105268
65629546
66153812
66678090
94418
618702
1142950
1667228
2191526
2715808
3240098
3764378
4288672
4812966
5337262
5861546
6385834
6910144
7434412
7958660
8482972
9007274
9531538
10055800
10580104
11104410
11628720
12152974
12677272
13201556
13725858
14250124
14774400
15298712
15823024
16347284
16871590
17395986
17920316
18444598
18968920
19493232
20017528
20541816
21066074
21590344
22114642
22638916
23163186
23687442
24211760
24736064
25260340
25784646
26308878
26833184
27357344
27881786
28406058
28930204
29454578
29978958
30503182
31027542
31551732
32076062
32600418
33124632
33648950
34173300
34697590
35221864
35746086
36270282
36794598
37318886
37843204
38367480
38891758
39416054
39940392
40464682
40988986
41513222
42037410
42561598
43085998
43610242
44134558
44658952
45183266
45707506
46231748
46756064
47280370
47804634
48329028
48853404
49377628
49901888
50426186
50950484
51474762
51999062
52523360
53047636
53571934
54096234
54620506
55144764
55668964
56193202
56717440
57241752
57766018
58290302
58814598
59338960
59863280
60387562
60911874
61436168
61960500
62484790
63009082
63533386
64057690
64581992
65106288
65630558
66154826
66679104
95550
619856
1144092
1668316
2192586
2716888
3241188
3765502
4289808
4814118
5338424
5862716
6387008
6911296
7435528
7959708
8484018
9008296
9532570
10056858
10581148
11105438
11629712
12153990
12678302
13202610
13726886
14251180
14775470
15299748
15824016
16348378
16872742
17397060
17921364
18445650
18969952
19494246
20018542
20542832
21067104
21591364
22115640
22639956
23164242
23688518
24212816
24737112
25261400
25785700
26309932
26834084
27358406
27882818
28407062
28931272
29455622
29980022
30504288
31028532
31552758
32077092
32601410
33125576
33649876
34174204
34698520
35222756
35747014
36271296
36795590
37319914
37844234
38368476
38892746
39417042
39941358
40465636
40989970
41514218
42038454
42562674
43087044
43611270
44135510
44659822
45184156
45708418
46232730
46757074
47281398
47805694
48330096
48854470
49378688
49902956
50427248
50951528
51475822
52000124
52524420
53048694
53572970
54097234
54621482
55145736
55669974
56194284
56718530
57242810
57767056
58291362
58815678
59340024
59864334
60388632
60912926
61437166
61961512
62485830
63010130
63534432
64058734
64583020
65107286
65631554
66155810
66680068
96572
620882
1145194
1669464
2193746
2718036
3242330
3766620
4290904
4815190
5339478
5863766
6388054
6912336
7436618
7960770
8485026
9009292
9533574
10057872
10582176
11106448
11630744
12155048
12679336
13203630
13727950
14252194
14776484
15300822
15825172
16349480
16873772
17398092
17922400
18446688
18970990
19495278
20019574
20543862
21068150
21592424
22116666
22640932
23165234
23689536
24213832
24738136
25262404
25786688
26310896
26835078
27359426
27883866
28408090
28932308
29456660
29981002
30505290
31029580
31553846
32078112
32602308
33126586
33650906
34175200
34699482
35223764
35748036
36272350
36796656
37320952
37845236
38369496
38893780
39418078
39942350
40466648
40990928
41515206
42039476
42563768
43088084
43612270
44136540
44660822
45185108
45709412
46233728
46758084
47282466
47806810
48331176
48855476
49379708
49904008
50428286
50952560
51476872
52001170
52525458
53049700
53573928
54098188
54622480
55146776
55670994
56195240
56719510
57243818
57768104
58292424
58816736
59341042
59865340
60389630
60913902
61438120
61962432
62486786
63011122
63535432
64059722
64583988
65108250
65632514
66156766
66681040
97466
621788
1146168
1670462
2194786
2719072
3243356
3767652
4291938
4816222
5340502
5864788
6389080
6913368
7437646
7961852
8486168
9010362
9534622
10058902
10583186
11107486
11631782
12156064
12680366
13204650
13728944
14253306
14777648
15301940
15826230
16350528
16874800
17399064
17923420
18447714
18972010
19496298
20020578
20544862
21069156
21593442
22117718
22641984
23166224
23690474
24214808
24739122
25263384
25787656
26311870
26836110
27360406
27884848
28409096
28933366
29457702
29982044
30506332
31030640
31554860
32079058
32603314
33127640
33651910
34176216
34700536
35224824
35749096
36273392
36797664
37321970
37846238
38370500
38894780
39419064
39943360
40467652
40991930
41516204
42040472
42564738
43089010
43613304
44137548
44661824
45186114
45710424
46234748
46759108
47283508
47807852
48332178
48856472
49380744
49905036
50429296
50953570
51477876
52002162
52526442
53050722
53575002
54099286
54623562
55147826
55672072
56196272
56720560
57244860
57769178
58293498
58817800
59342092
59866388
60390696
60914956
61439168
61963422
62487692
63012020
63536358
64060660
64584952
65109232
65633514
66157764
66682018
98460
622758
1147066
1671392
2195734
2720072
3244376
3768668
4292940
4817224
5341522
5865818
6390114
6914400
7438688
7962970
8487132
9011358
9535638
10059926
10584206
11108490
11632798
12157094
12681378
13205764
13730116
14254414
14778698
15302992
15827274
16351556
16875792
17400056
17924432
18448718
18973022
19497314
20021598
20545882
21070182
21594476
22118760
22643022
23167190
23691452
24215818
24740174
25264400
25788644
26312866
26837102
27361468
27885892
28410174
28934370
29458722
29983072
30507334
31031588
31555806
32080034
32604366
33128646
33652946
34177246
34701584
35225884
35750130
36274418
36798668
37322968
37847230
38371614
38895882
39420126
39944414
40468660
40992912
41517222
42041484
42565784
43090040
43614294
44138596
44662876
45187150
45711460
46235766
46760090
47284528
47808870
48333198
48857518
49381744
49906030
50430306
50954590
51478888
52003170
52527440
53051714
53575978
54100218
54624482
55148772
55673022
56197318
56721616
57245904
57770216
58294538
58818834
59343120
59867412
60391698
60915958
61440232
61964484
62488728
63013074
63537384
64061654
64585936
65110214
65634490
66158762
66683074
99436
623710
1148042
1672392
2196726
2721048
3245358
3769654
4293938
4818220
5342492
5866824
6391144
6915432
7439722
7963996
8488152
9012368
9536664
10060938
10585224
11109518
11633858
12158234
12682580
13206868
13731154
14255442
14779732
15304020
15828298
16352560
16876820
17401088
17925426
18449738
18974038
19498326
20022616
20546916
21071196
21595486
22119766
22643952
23168172
23692472
24216812
24741144
25265394
25789672
26313938
26838200
27362462
27886808
28411096
28935378
29459700
29983984
30508260
31032582
31556900
32081052
32605358
33129686
33654052
34178294
34702606
35226894
35751156
36275432
36799704
37323960
37848240
38372532
38896812
39421102
39945484
40469796
40993986
41518190
42042530
42566780
43091064
43615298
44139598
44663884
45188192
45712480
46236770
46761152
47285568
47809890
48334212
48858488
49382714
49907042
50431326
50955608
51479874
52004136
52528394
53052636
53576870
54101144
54625466
55149776
55674018
56198334
56722618
57246884
57771214
58295518
58819802
59344088
59868368
60392654
60916944
61441224
61965480
62489788
63014076
63538350
64062630
64586914
65111226
65635552
66159864
66684152
100398
624708
1149060
1673418
2197752
2722074
3246380
3770678
4294964
4819240
5343506
5867836
6392154
6916444
7440728
7964992
8489248
9013452
9537702
10061994
10586324
11110664
11634978
12159294
12683598
13207894
13732176
14256462
14780736
15305016
15829310
16353596
16877862
17402140
17926430
18450742
18975048
19499360
20023650
20547936
21072232
21596530
22120800
22644970
23169296
23693564
24217850
24742176
25266476
25790792
26315112
26839424
27363714
27887910
28411982
28936328
29460628
29984938
30509316
31033658
31557958
32082198
32606444
33130864
33655206
34179442
34703708
35227986
35752182
36276432
36800712
37324952
37849244
38373566
38897824
39422180
39946560
40470836
40994960
41519226
42043494
42567792
43092052
43616328
44140630
44664922
45189206
45713482
46237840
46762266
47286620
47810922
48335198
48859372
49383736
49908044
50432288
50956514
51480764
52005034
52529348
53053654
53577916
54102152
54626504
55150796
55675026
56199328
56723596
57247904
57772200
58296488
58820780
59345062
59869346
60393636
60917938
61442210
61966498
62490790
63015070
63539376
64063700
64588036
65112350
65636634
66160906
66685178
101430
625732
1150084
1674444
2198778
2723098
3247404
3771700
4295984
4820254
5344518
5868776
6393038
6917290
7441540
7965798
8490070
9014368
9538674
10062944
10587250
11111554
11635860
12160188
12684542
13208862
13733150
14257386
14781618
15305984
15830304
16354582
16878852
17403164
17927456
18451752
18976068
19500354
20024662
20548952
21073244
21597532
22121766
22646038
23170358
23694602
24218904
24743214
25267546
25791848
26316130
26840406
27364760
27889030
28413272
28937506
29461748
29986044
30510344
31034702
31559008
32083318
32607622
33131932
33656236
34180512
34704744
35228946
35753194
36277446
36801738
37326088
37850360
38374690
38898928
39423138
39947474
40471884
40996066
41520310
42044552
42568808
43093082
43617354
44141638
44665914
45190212
45714574
46238952
46763314
47287628
47811934
48336220
48860420
49384692
49908922
50433152
50957450
51481726
52006034
52530324
53054598
53578878
54103154
54627464
55151742
55676024
56200298
56724600
57248930
57773232
58297524
58821808
59346088
59870364
60394646
60918980
61443292
61967600
62491908
63016220
63540532
64064832
64589118
65113386
65637648
66161916
66686190
102464
626768
1151112
1675468
2199802
2724124
3248430
3772720
4296996
4821262
5345522
5869782
6394036
6918292
7442552
7966822
8491106
9015388
9539678
10063976
10588272
11112570
11636872
12161178
12685466
13209748
13734022
14258298
14782580
15306874
15831186
16355472
16879792
17404112
17928380
18452648
18977006
19501346
20025640
20549932
21074240
21598530
22122780
22647066
23171318
23695610
24219918
24744252
25268526
25792886
26317146
26841468
27365738
27890028
28414334
28938636
29462918
29987202
30511456
31035682
31560038
32084360
32608650
33132956
33657224
34181518
34705788
35230002
35754200
36278468
36802758
37327126
37851446
38375720
38899980
39424174
39948456
40472910
40997156
41521392
42045690
42569884
43094146
43618390
44142652
44666946
45191256
45715646
46239992
46764320
47288620
47812962
48337268
48861484
49385634
49909876
50434142
50958450
51482728
52007018
52531298
53055564
53579840
54104124
54628416
55152748
55677070
56201394
56725708
57250004
57774282
58298560
58822844
59347124
59871434
60395772
60920104
61444414
61968710
62493002
63017288
63541572
64065852
64590128
65114392
65638648
66162910
66687182
103498
627808
1152146
1676498
2200826
2725146
3249450
3773736
4298004
4822264
5346524
5870780
6395036
6919304
7443576
7967864
8492156
9016440
9540724
10065008
10589298
11113594
11637894
12162194
12686486
13210766
13735048
14259330
14783620
15307920
15832218
16356508
16880792
17405080
17929376
18453672
18977968
19502314
20026606
20550904
21075236
21599528
22123830
22648090
23172420
23696706
24221002
24745234
25269602
25793886
26318136
26842422
27366720
27891028
28415344
28939616
29463924
29988192
30512440
31036768
31561026
32085368
32609686
33133972
33658254
34182560
34706790
35231032
35755184
36279498
36803842
37328156
37852496
38376734
38900900
39425100
39949384
40473814
40998130
41522348
42046750
42571008
43095234
43619496
44143712
44667986
45192304
45716676
46241010
46765310
47289610
47813932
48338212
48862408
49386600
49910856
50435142
50959436
51483714
52008004
52532284
53056558
53580844
54105144
54629472
55153812
55678134
56202460
56726760
57251026
57775278
58299558
58823864
59348196
59872512
60396836
60921150
61445446
61969744
62494024
63018302
63542576
64066856
64591130
65115388
65639640
66163896
66688170
104534
628842
1153186
1677528
2201854
2726168
3250466
3774746
4299010
4823268
5347524
5871780
6396050
6920332
7444620
7968916
8493210
9017490
9541768
10066050
10590336
11114632
11638926
12163220
12687514
13211808
13736098
14260384
14784682
15308984
15833278
16357562
16881836
17406116
17930404
18454694
18978992
19503290
20027610
20551918
21076288
21600610
22124882
22649150
23173458
23697752
24222038
24746308
25270580
25794824
26319096
26843416
27367674
27892002
28416302
28940658
29464954
29989250
30513512
31037656
31561968
32086340
32610672
33134988
33659294
34183524
34707808
35232014
35756282
36280558
36804956
37329220
37853434
38377664
38901958
39426156
39950430
40474708
40998982
41523334
42047662
42571900
43096142
43620408
44144696
44669016
45193382
45717728
46242026
46766304
47290602
47814908
48339132
48863336
49387588
49911868
50436156
50960440
51484734
52009020
52533312
53057590
53581900
54106286
54630620
55154910
55679160
56203450
56727740
57251998
57776274
58300594
58824920
59349230
59873550
60397880
60922202
61446506
61970786
62495076
63019308
63543576
64067854
64592128
65116384
65640634
66164888
66689178
105560
629874
1154220
1678558
2202878
2727182
3251474
3775754
4300014
4824272
5348528
5872792
6397074
6921368
7445670
7969968
8494260
9018542
9542814
10067092
10591378
11115670
11639960
12164252
12688560
13212860
13737154
14261444
14785738
15310036
15834326
16358606
16882886
17407160
17931440
18455720
18980054
19504412
20028752
20553026
21077294
21601620
22125920
22650176
23174484
23698770
24223002
24747276
25271540
25795810
26320080
26844326
27368518
27892950
28417280
28941584
29465954
29990266
30514596
31038770
31562918
32087194
32611498
33135856
33660206
34184542
34708846
35233114
35757390
36281706
36805990
37330180
37854406
38378708
38902982
39427292
39951560
40475832
41000050
41524326
42048604
42572882
43097160
43621436
44145720
44670072
45194422
45718726
46243024
46767328
47291626
47815884
48340148
48864442
49388710
49912976
50437260
50961554
51485840
52010122
52534402
53058666
53582932
54107296
54631622
55155902
55680130
56204418
56728738
57253030
57777328
58301648
58825958
59350320
59874658
60398962
60923246
61447534
61971830
62496132
63020320
63544582
64068852
64593130
65117392
65641640
66165910
66690212
106582
630896
1155248
1679584
2203890
2728192
3252482
3776758
4301018
4825274
5349534
5873810
6398106
6922410
7446716
7971016
8495312
9019592
9543864
10068138
10592420
11116708
11640996
12165294
12689604
13213906
13738202
14262496
14786788
15311088
15835374
16359654
16883928
17408274
17932558
18456858
18981158
19505476
20029782
20554054
21078348
21602680
22126928
22651114
23175456
23699720
24223940
24748198
25272482
25796818
26321142
26845434
27369700
27893888
28418178
28942510
29466884
29991236
30515554
31039874
31563980
32088148
32612434
33136812
33661108
34185530
34709874
35234152
35758444
36282708
36806916
37331118
37855474
38379788
38904040
39428326
39952610
40476874
41001116
41525382
42049612
42573896
43098190
43622522
44146856
44671172
45195488
45719774
46244064
46768328
47292640
47816946
48341238
48865508
49389766
49914026
50438306
50962584
51486866
52011148
52535422
53059684
53583918
54108188
54632496
55156794
55681096
56205414
56729738
57254068
57778388
58302754
58827108
59351416
59875690
60399926
60924230
61448578
61972902
62497166
63021364
63545592
64069862
64594138
65118436
65642766
66167130
66691488
107598
631922
1156272
1680598
2204904
2729198
3253486
3777762
4302022
4826274
5350548
5874838
6399140
6923448
7447754
7972054
8496346
9020630
9544906
10069184
10593468
11117756
11642046
12166344
12690644
13214948
13739240
14263536
14787834
15312132
15836420
16360694
16885014
17409338
17933640
18457924
18982216
19506522
20030814
20554964
21079278
21603556
22127798
22652024
23176348
23700598
24224926
24749240
25273620
25797952
26322242
26846550
27370838
27895092
28419296
28943512
29467896
29992220
30516546
31040854
31565150
32089352
32613472
33137766
33662084
34186512
34710902
35235182
35759398
36283650
36807832
37332222
37856530
38380768
38905046
39429324
39953586
40477884
41002172
41526428
42050684
42574964
43099320
43623652
44147962
44672208
45196456
45720734
46245068
46769400
47293706
47817998
48342270
48866532
49390784
49915030
50439304
50963576
51487858
52012142
52536418
53060684
53584934
54109212
54633504
55157806
55682126
56206454
56730788
57255168
57779552
58303848
58828110
59352302
59876614
60400920
60925232
61449552
61973862
62498190
63022454
63546660
64070964
64595320
65119672
65643996
66168288
66692574
108612
632946
1157288
1681612
2205916
2730212
3254498
3778770
4303024
4827284
5351576
5875872
6400178
6924484
7448788
7973086
8497376
9021662
9545946
10070226
10594510
11118800
11643092
12167386
12691684
13215984
13740280
14264576
14788876
15313170
15837452
16361728
16886084
17410332
17934672
18458918
18983156
19507462
20031666
20555856
21080164
21604480
22128848
22653260
23177474
23701674
24225954
24750210
25274504
25798828
26323204
26847572
27371880
27896156
28420454
28944672
29468824
29993146
30517512
31041796
31566124
32090476
32614574
33138778
33663080
34187418
34711830
35236146
35760374
36284600
36808960
37333248
37857446
38381760
38906030
39430336
39954652
40478930
41003206
41527488
42051766
42576012
43100268
43624596
44148928
44673214
45197512
45721842
46246156
46770454
47294744
47819028
48343292
48867546
49391796
49916038
50440300
50964572
51488856
52013142
52537418
53061686
53585954
54110236
54634532
55158836
55683170
56207602
56731968
57256282
57780550
58304854
58829090
59353284
59877584
60401918
60926256
61450582
61974870
62499144
63023438
63547750
64072112
64596434
65120726
65645018
66169306
66693590
109630
633968
1158300
1682624
2206930
2731226
3255512
3779782
4304040
4828314
5352604
5876904
6401210
6925518
7449820
7974116
8498406
9022696
9546982
10071266
10595552
11119838
11644126
12168422
12692714
13217012
13741314
14265610
14789904
15314190
15838472
16362772
16887084
17411348
17935580
18459884
18984124
19508442
20032796
20557098
21081302
21605654
22130002
22654196
23178432
23702696
24226962
24751246
25275506
25799814
26324120
26848396
27372808
27897194
28421490
28945772
29470038
29994208
30518458
31042786
31567070
32091452
32615804
33139834
33664150
34188328
34712786
35237184
35761418
36285704
36809924
37334150
37858488
38382754
38907088
39431404
39955686
40479966
41004246
41528522
42052802
42577080
43101362
43625658
44149966
44674278
45198586
45722892
46247196
46771488
47295770
47820046
48344306
48868562
49392808
49917046
50441294
50965568
51489856
52014142
52538422
53062698
53586976
54111268
54635562
55160012
55684444
56208742
56732972
57257260
57781580
58305902
58830204
59354490
59878752
60403044
60927332
61451604
61975892
62500180
63024476
63548842
64073174
64597456
65121742
65646028
66170318
66694598
110662
634994
1159318
1683638
2207948
2732242
3256526
3780796
4305066
4829346
5353632
5877932
6402238
6926548
7450848
7975146
8499438
9023730
9548018
10072302
10596584
11120866
11645148
12169438
12693732
13218030
13742328
14266624
14790910
15315198
15839482
16363806
16888122
17412358
17936674
18460980
18985318
19509618
20033878
20558090
21082382
21606650
22130918
22655188
23179540
23703790
24227978
24752278
25276564
25800870
26325138
26849420
27373688
27898044
28422454
28946794
29471108
29995378
30519496
31043788
31568082
32092396
32616784
33140984
33665206
34189356
34713854
35238186
35762418
36286646
36810874
37335182
37859476
38383834
38908146
39432434
39956720
40481002
41005280
41529552
42053828
42578102
43102374
43626674
44150986
44675300
45199614
45723926
46248230
46772514
47296786
47821054
48345314
48869570
49393810
49918050
50442298
50966570
51490864
52015152
52539438
53063724
53588056
54112426
54636838
55161176
55685486
56209812
56734144
57258406
57782660
58306926
58831168
59355448
59879754
60404056
60928352
61452614
61976888
62501186
63025494
63549878
64074178
64598464
65122728
65647014
66171296
66695554
111698
636024
1160348
1684664
2208972
2733266
3257548
3781818
4306090
4830366
5354650
5878958
6403266
6927572
7451872
7976174
8500472
9024764
9549048
10073326
10597604
11121882
11646164
12170446
12694736
13219036
13743332
14267624
14791914
15316204
15840490
16364802
16889110
17413454
17937788
18462104
18986370
19510608
20034834
20559094
21083372
21607640
22131926
22656210
23180494
23704764
24229056
24753324
25277596
25801892
26326164
26850436
27374718
27899076
28423418
28947808
29472126
29996406
30520636
31044736
31569098
32093416
32617782
33142080
33666138
34190530
34714884
35239136
35763432
36287690
36811942
37336242
37860554
38384866
38909170
39433466
39957754
40482036
41006312
41530582
42054846
42579110
43103380
43627682
44152004
44676324
45200642
45724954
46249254
46773530
47297798
47822058
48346314
48870560
49394800
49919052
50443312
50967630
51492008
52016344
52540668
53064996
53589280
54113624
54637958
55162256
55686540
56210792
56735032
57259310
57783602
58307886
58832168
59356464
59880748
60405028
60929308
61453594
61977876
62502170
63026468
63550830
64075146
64599444
65123710
65647940
66172196
66696424
112734
637054
1161376
1685694
2209998
2734288
3258564
3782834
4307112
4831394
5355682
5879982
6404290
6928596
7452898
7977200
8501498
9025784
9550062
10074338
10598614
11122892
11647170
12171452
12695738
13220034
13744336
14268630
14792924
15317216
15841498
16365860
16890246
17414500
17938726
18462988
18987298
19511628
20035852
20560100
21084398
21608660
22132932
22657200
23181494
23705794
24230062
24754370
25278652
25802958
26327220
26851586
27375926
27900136
28424364
28948686
29473124
29997418
30521712
31045900
31570064
32094434
32618758
33143110
33667328
34191576
34715886
35240154
35764430
36288686
36812970
37337264
37861570
38385882
38910194
39434496
39958790
40483076
41007350
41531614
42055872
42580124
43104390
43628700
44153026
44677346
45201666
45725978
46250274
46774548
47298806
47823062
48347306
48871552
49395894
49920228
50444542
50968858
51493176
52017548
52541840
53066094
53590360
54114630
54638894
55163192
55687470
56211754
56736036
57260322
57784612
58308902
58833192
59357466
59881738
60406010
60930296
61454578
61978860
62503158
63027448
63551732
64076054
64600328
65124586
65648856
66173146
66697422
113764
638086
1162404
1686718
2211016
2735304
3259576
3783848
4308130
4832418
5356710
5881010
6405320
6929622
7453922
7978218
8502508
9026790
9551068
10075342
10599614
11123886
11648162
12172446
12696730
13221028
13745334
14269634
14793934
15318230
15842652
16367030
16891272
17415468
17939716
18463986
18988314
19512562
20036826
20561106
21085384
21609654
22133936
22658212
23182514
23706844
24231172
24755442
25279660
25804022
26328372
26852638
27376828
27901128
28425500
28949814
29474122
29998446
30522742
31046996
31571122
32095344
32619750
33144074
33668448
34192624
34716898
35241126
35765404
36289714
36814012
37338302
37862602
38386908
38911218
39435524
39959824
40484112
41008388
41532650
42056910
42581156
43105404
43629708
44154034
44678362
45202684
45726998
46251290
46775562
47299836
47824126
48348434
48872736
49397088
49921410
50445726
50970018
51494260
52018496
52542756
53067044
53591332
54115622
54639914
55164204
55688510
56212774
56737046
57261334
57785628
58309898
58834160
59358440
59882718
60407006
60931282
61455564
61979860
62504158
63028456
63552746
64077016
64601302
65125566
65649842
66174130
66698388
114810
639122
1163432
1687736
2212034
2736316
3260586
3784862
4309146
4833438
5357734
5882038
6406346
6930644
7454938
7979228
8503512
9027792
9552064
10076338
10600604
11124874
11649152
12173428
12697718
13222022
13746330
14270630
14794992
15319444
15843792
16368088
16892372
17416624
17940860
18465096
18989304
19513574
20037888
20562130
21086418
21610702
22134986
22659254
23183574
23707870
24232144
24756446
25280724
25805058
26329344
26853574
27378006
27902332
28426596
28950864
29475134
29999468
30523754
31048036
31572238
32096374
32620684
33145034
33669388
34193714
34717882
35242130
35766480
36290794
36815072
37339354
37863654
38387954
38912252
39436554
39960854
40485146
41009418
41533684
42057944
42582190
43106430
43630710
44155034
44679390
45203728
45728030
46252320
46776642
47300990
47825324
48349644
48873910
49398164
49922392
50446640
50970934
51495216
52019504
52543790
53068076
53592390
54116660
54640936
55165212
55689498
56213768
56738050
57262302
57786574
58310862
58835148
59359446
59883722
60408012
60932284
61456572
61980854
62505164
63029436
63553718
64078028
64602264
65126534
65650806
66175080
66699370
115858
640160
1164464
1688762
2213050
2737324
3261592
3785872
4310156
4834452
5358758
5883064
6407368
6931662
7455948
7980232
8504510
9028780
9553052
10077328
10601596
11125866
11650142
12174428
12698722
13223026
13747344
14271770
14796194
15320506
15844758
16369056
16893326
17417530
17941756
18466030
18990322
19514604
20038902
20563172
21087454
21611738
22136022
22660298
23184570
23708848
24233158
24757516
25281802
25806130
26330384
26854720
27379030
27903312
28427612
28951906
29476186
30000468
30524752
31048994
31573248
32097396
32621686
33146056
33670416
34194756
34719000
35243256
35767584
36291858
36816134
37340416
37864714
38389008
38913302
39437594
39961886
40486178
41010450
41534714
42058970
42583246
43107558
43631866
44156186
44680518
45204838
45729174
46253492
46777794
47302052
47826306
48350546
48874818
49399100
49923392
50447696
50971994
51496314
52020602
52544868
53069132
53593390
54117642
54641910
55166200
55690476
56214754
56739038
57263306
57787578
58311854
58836156
59360454
59884718
60408998
60933298
61457570
61981844
62506126
63030432
63554736
64079010
64603290
65127528
65651804
66176086
66700358
116902
641202
1165498
1689786
2214064
2738334
3262600
3786878
4311166
4835466
5359774
5884086
6408388
6932672
7456954
7981230
8505498
9029762
9554034
10078324
10602604
11126888
11651180
12175472
12699768
13224100
13748598
14272950
14797252
15321458
15845710
16370036
16894318
17418508
17942772
18467050
18991346
19515626
20039912
20564202
21088486
21612772
22137042
22661326
23185626
23709892
24234174
24758526
25282790
25807114
26331368
26855640
27379934
27904262
28428586
28952892
29477160
30001424
30525730
31049988
31574232
32098430
32622728
33147082
33671398
34195718
34720080
35244352
35768634
36292914
36817194
37341474
37865764
38390052
38914338
39438628
39962918
40487204
41011490
41535780
42060060
42584396
43108728
43633042
44157364
44681684
45205934
45730210
46254506
46778780
47303038
47827358
48351664
48875956
49400228
49924542
50448854
50973146
51497418
52021696
52545912
53070178
53594428
54118672
54642964
55167186
55691472
56215752
56740030
57264296
57788580
58312870
58837148
59361434
59885702
60409994
60934292
61458582
61982830
62507112
63031400
63555708
64079988
64604254
65128554
65652808
66177072
66701358
117948
642242
1166528
1690808
2215076
2739340
3263602
3787882
4312176
4836480
5360794
5885100
6409392
6933670
7457944
7982214
8506478
9030746
9555030
10079330
10603638
11127946
11652252
12176600
12701038
13225414
13749668
14273954
14798262
15322558
15846836
16371126
16895446
17419732
17943980
18468214
18992418
19516668
20040942
20565238
21089536
21613804
22138074
22662332
23186622
23710924
24235204
24759476
25283820
25808142
26332386
26856654
27380940
27905182
28429528
28953864
29478150
30002488
30526852
31051058
31575366
32099642
32623988
33148322
33672594
34196836
34721098
35245378
35769670
36293958
36818242
37342522
37866804
38391088
38915372
39439672
39963972
40488248
41012604
41536900
42061178
42585490
43109782
43634100
44158312
44682592
45206950
45731288
46255584
46779876
47304168
47828450
48352718
48877012
49401308
49925598
50449882
50974160
51498424
52022680
52546908
53071146
53595402
54119648
54643896
55168176
55692480
56216752
56741026
57265292
57789576
58313884
58838160
59362436
59886712
60410998
60935278
61459562
61983832
62508118
63032400
63556688
64080984
64605254
65129556
65653864
66178200
66702528
118986
643278
1167560
1691834
2216092
2740346
3264608
3788892
4313188
4837496
5361804
5886106
6410388
6934668
7458936
7983198
8507462
9031744
9556054
10080376
10604690
11129082
11653492
12177842
12702122
13226408
13750668
14274894
14799142
15323392
15847660
16371938
16896276
17420630
17944980
18469274
18993494
19517768
20041988
20566282
21090654
21614792
22139058
22663348
23187606
23711920
24236246
24760540
25284850
25809124
26333376
26857680
27382022
27906356
28430664
28954928
29479268
30003582
30527924
31052064
31576332
32100690
32625114
33149396
33673674
34197950
34722234
35246486
35770752
36295052
36819344
37343606
37867888
38392172
38916450
39440794
39965086
40489416
41013716
41537944
42062154
42586444
43110806
43635124
44159438
44683740
45208032
45732316
46256606
46780892
47305182
47829470
48353758
48878034
49402308
49926574
50450854
50975118
51499368
52023568
52547778
53072050
53596336
54120620
54644900
55169180
55693464
56217772
56742054
57266306
57790600
58314878
58839172
59363450
59887726
60411998
60936278
61460564
61984856
62509184
63033498
63557722
64082046
64606408
65130736
65655024
66179242
66703440
120016
644310
1168590
1692854
2217106
2741360
3265626
3789908
4314202
4838506
5362810
5887104
6411386
6935664
7459936
7984196
8508460
9032764
9557092
10081530
10605974
11130308
11654578
12178836
12703064
13227318
13751574
14275834
14800124
15324404
15848692
16372978
16897282
17421550
17945816
18470172
18994556
19518802
20043078
20567300
21091562
21615842
22140102
22664364
23188636
23712934
24237232
24761600
25285956
25810236
26334498
26858806
27383140
27907448
28431764
28956058
29480310
30004640
30528980
31053190
31577378
32101654
32626008
33150376
33674696
34198996
34723308
35247564
35771818
36296096
36820392
37344660
37868990
38393302
38917596
39441882
39966168
40490456
41014742
41539020
42063290
42587590
43111906
43636196
44160480
44684768
45209056
45733342
46257628
46781908
47306192
47830474
48354746
48879034
49403300
49927566
50451832
50976086
51500358
52024590
52548796
53073056
53597320
54121594
54645882
55170174
55694464
56218760
56743024
57267316
57791600
58315876
58840150
59364448
59888744
60413026
60937318
61461604
61985918
62510250
63034560
63558734
64083014
64607310
65131606
65655882
66180170
66704528
121044
645332
1169608
1693868
2218124
2742380
3266646
3790922
4315214
4839516
5363814
5888104
6412386
6936662
7460936
7985208
8509484
9033800
9558288
10082756
10607038
11131264
11655476
12179706
12703962
13228266
13752576
14276874
14801160
15325430
15849730
16374018
16898314
17422594
17946882
18471142
18995470
19519858
20044156
20568450
21092664
21617000
22141294
22665484
23189678
23713968
24238288
24762584
25287006
25811304
26335592
26859826
27384108
27908406
28432764
28957052
29481364
30005696
30529994
31054260
31578444
32102724
32626996
33151276
33675642
34199984
34724304
35248576
35772848
36297116
36821378
37345692
37870026
38394334
38918626
39442916
39967202
40491492
41015776
41540064
42064350
42588638
43112926
43637214
44161504
44685790
45210076
45734358
46258632
46782908
47307186
47831470
48355748
48879998
49404238
49928510
50452806
50977074
51501348
52025566
52549784
53074076
53598366
54122630
54646942
55171240
55695564
56219824
56744082
57268360
57792610
58316902
58841186
59365482
59889786
60414098
60938434
61462726
61987032
62511236
63035514
63559780
64084060
64608370
65132714
65657060
66181380
66705672
122068
646346
1170616
1694884
2219140
2743400
3267668
3791944
4316228
4840522
5364822
5889112
6413396
6937680
7461970
7986256
8510536
9034966
9559462
10083692
10607894
11132166
11656456
12180726
12705022
13229326
13753640
14277944
14802232
15326488
15850774
16375048
16899326
17423630
17947920
18472208
18996462
19520846
20045198
20569492
21093786
21618074
22142334
22666602
23190856
23715146
24239382
24763748
25288090
25812316
26336524
26860818
27385178
27909506
28433804
28958110
29482414
30006738
30531042
31055288
31579588
32103882
32628142
33152416
33676686
34200948
34725180
35249470
35773770
36298036
36822364
37346760
37871052
38395348
38919636
39443930
39968216
40492508
41016794
41541082
42065364
42589656
43113944
43638230
44162514
44686796
45211070
45735346
46259620
46783908
47308190
47832460
48356738
48880970
49405234
49929516
50453804
50978100
51502362
52026562
52550804
53075068
53599354
54123674
54648016
55172266
55696438
56220680
56745096
57269386
57793636
58317922
58842244
59366568
59890900
60415192
60939476
61463708
61987944
62512218
63036500
63560890
64085242
64609542
65133808
65658046
66182296
66706544
123078
647348
1171612
1695888
2220148
2744412
3268688
3792970
4317252
4841534
5365830
5890134
6414432
6938728
7463030
7987320
8511692
9036178
9560330
10084632
10608884
11133196
11657494
12181806
12706100
13230396
13754684
14278982
14803272
15327540
15851830
16376110
16900370
17424642
17948958
18473258
18997534
19521802
20046202
20570488
21094774
21619072
22143350
22667608
23191910
23716198
24240430
24764782
25289046
25813272
26337564
26861936
27386256
27910556
28434856
28959160
29483482
30007774
30532068
31056354
31580620
32104880
32629158
33153448
33677660
34201924
34726188
35250480
35774790
36299114
36823472
37347790
37872088
38396376
38920658
39444946
39969232
40493516
41017806
41542092
42066382
42590668
43114948
43639228
44163500
44687786
45212060
45736336
46260616
46784894
47309182
47833462
48357726
48881992
49406256
49930546
50454844
50979138
51503426
52027612
52551874
53076150
53600412
54124714
54649024
55173168
55697418
56221700
56745990
57270462
57794762
58318968
58843276
59367580
59891850
60416114
60940394
61464756
61989062
62513260
63037544
63561836
64086124
64610374
65134644
65658928
66183218
66707552
124082
648350
1172616
1696894
2221158
2745426
3269706
3793992
4318278
4842558
5366864
5891184
6415492
6939792
7464098
7988388
8512872
9037078
9561308
10085612
10609900
11134184
11658512
12182830
12707110
13231382
13755652
14279928
14804230
15328512
15852806
16377106
16901412
17425664
17949942
18474236
18998556
19522826
20047162
20571470
21095796
21620106
22144366
22668644
23192924
23717180
24241558
24765764
25289992
25814344
26338696
26862998
27387304
27911596
28435892
28960194
29484480
30008768
30533068
31057356
31581640
32105924
32630210
33154472
33678716
34203006
34727290
35251590
35775944
36300252
36824542
37348826
37873114
38397392
38921678
39445960
39970244
40494532
41018812
41543088
42067348
42591638
43115936
43640224
44164508
44688786
45213070
45737344
46261614
46785900
47310188
47834470
48358760
48883044
49407308
49931578
50455856
50980122
51504360
52028648
52552936
53077196
53601500
54125808
54650098
55174260
55698488
56222748
56747012
57271494
57795800
58320062
58844350
59368636
59892954
60417250
60941530
61465826
61990102
62514382
63038642
63562940
64087180
64611378
65135656
65659952
66184242
66708544
125100
649362
1173634
1697914
2222182
2746452
3270732
3795022
4319308
4843610
5367926
5892246
6416556
6940862
7465164
7989486
8513822
9038038
9562354
10086654
10610922
11135226
11659550
12183834
12708116
13232400
13756690
14280968
14805252
15329550
15853840
16378136
16902432
17426718
17950964
18475256
18999550
19523826
20048166
20572512
21096802
21621112
22145382
22669636
23193936
23718260
24242522
24766686
25291100
25815480
26339770
26864068
27388354
27912616
28436836
28961126
29485446
30009756
30534066
31058348
31582608
32106892
32631180
33155468
33679784
34204108
34728400
35252696
35776990
36301276
36825558
37349834
37874114
38398398
38922676
39446956
39971232
40495510
41019790
41544054
42068348
42592654
43116944
43641226
44165512
44689768
45214026
45738330
46262608
46786914
47311200
47835480
48359758
48884030
49408290
49932550
50456832
50981100
51505368
52029654
52553936
53078242
53602524
54126826
54651120
55175408
55699648
56223876
56748192
57272576
57796890
58321192
58845486
59369772
59894050
60418302
60942560
61466822
61991098
62515404
63039636
63563906
64088150
64612414
65136688
65660970
66185252
66709536
126130
650398
1174676
1698958
2223224
2747498
3271776
3796064
4320360
4844666
5368982
5893298
6417612
6941916
7466234
7990470
8514842
9039050
9563350
10087660
10611938
11136236
11660540
12184824
12709120
13233432
13757720
14282012
14806286
15330552
15854854
16379152
16903460
17427762
17952018
18476280
19000582
19524858
20049188
20573522
21097810
21622108
22146386
22670668
23194854
23719146
24243440
24767886
25292222
25816506
26340800
26865098
27389322
27913528
28437852
28962164
29486478
30010774
30535038
31059324
31583636
32107926
32632216
33156536
33680848
34205140
34729426
35253710
35777996
36302276
36826552
37350826
37875094
38399366
38923656
39447936
39972224
40496510
41020806
41545086
42069364
42593654
43117936
43642216
44166516
44690802
45215082
45739358
46263638
46787914
47312184
47836458
48360714
48884970
49409254
49933540
50457824
50982120
51506412
52030696
52554980
53079268
53603548
54127850
54652158
55176450
55700754
56225032
56749336
57273624
57797924
58322194
58846488
59370760
59895004
60419286
60943574
61467828
61992050
62516294
63040574
63564858
64089134
64613426
65137704
65661990
66186324
66710662
127168
651446
1175726
1700004
2224272
2748556
3272836
3797120
4321408
4845706
5370018
5894334
6418648
6942954
7467252
7991476
8515836
9040090
9564378
10088680
10612978
11137272
11661562
12185858
12710146
13234438
13758736
14283010
14807282
15331570
15855866
16380132
16904440
17428748
17952998
18477278
19001592
19525884
20050202
20574524
21098810
21623106
22147398
22671650
23195774
23720070
24244566
24768902
25293184
25817460
26341680
26865964
27390278
27914596
28438894
28963184
29487456
30011726
30536052
31060346
31584652
32108972
32633288
33157580
33681870
34206142
34730424
35254674
35778940
36303194
36827498
37351788
37876078
38400380
38924664
39448948
39973240
40497522
41021804
41546094
42070378
42594668
43118948
43643238
44167534
44691812
45216080
45740346
46264618
46788886
47313154
47837434
48361718
48886012
49410292
49934576
50458860
50983150
51507448
52031738
52556034
53080324
53604636
54128930
54653206
55177476
55701714
56225908
56750262
57274588
57798866
58323108
58847380
59371702
59895954
60420202
60944462
61468736
61993024
62517310
63041600
63565880
64090164
64614450
65138734
65663016
66187318
66711624
128204
652492
1176778
1701052
2225328
2749610
3273888
3798166
4322444
4846736
5371046
5895362
6419690
6944032
7468236
7992482
8516842
9041100
9565368
10089682
10613954
11138238
11662550
12186840
12711132
13235426
13759732
14284028
14808350
15332620
15856898
16381148
16905464
17429782
17954052
18478328
19002612
19526908
20051230
20575540
21099822
21624108
22148418
22672590
23196710
23720964
24245368
24769764
25294080
25818382
26342620
26866930
27391200
27915528
28439872
28964118
29488352
30012732
30537090
31061426
31585710
32110006
32634294
33158580
33682838
34207098
34731366
35255628
35779906
36304216
36828520
37352802
37877094
38401396
38925674
39449954
39974242
40498522
41022816
41547110
42071396
42595682
43119960
43644240
44168518
44692790
45217072
45741350
46265612
46789896
47314180
47838484
48362770
48887058
49411328
49935604
50459910
50984210
51508506
52032804
52557086
53081370
53605650
54129932
54654194
55178428
55702644
56226918
56751206
57275482
57799774
58324056
58848344
59372632
59896916
60421194
60945478
61469768
61994052
62518382
63042718
63567042
64091306
64615502
65139770
65664050
66188384
66712788
129246
653536
1177822
1702096
2226366
2750648
3274922
3799198
4323474
4847760
5372068
5896398
6420786
6945018
7469254
7993502
8517868
9042148
9566388
10090698
10614974
11139234
11663530
12187824
12712128
13236460
13760780
14285092
14809380
15333678
15857952
16382216
16906502
17430798
17955070
18479336
19003646
19527896
20052248
20576556
21100840
21625094
22149388
22673584
23197724
23721988
24246324
24770652
25295026
25819330
26343610
26867916
27392206
27916492
28440806
28965138
29489504
30013832
30538122
31062426
31586724
32110996
32635284
33159546
33683808
34208086
34732350
35256642
35780916
36305248
36829546
37353830
37878122
38402396
38926688
39450976
39975258
40499544
41023822
41548112
42072392
42596676
43120954
43645230
44169508
44693790
45218078
45742362
46266648
46790940
47315230
47839510
48363774
48888054
49412350
49936656
50460954
50985242
51509536
52033826
52558092
53082380
53606646
54130882
54655092
55179360
55703650
56227940
56752228
57276516
57800806
58325100
58849402
59373672
59897966
60422250
60946546
61470826
61995136
62519438
63043708
63567952
64092194
64616478
65140842
65665040
66189330
66713768
130284
654572
1178850
1703124
2227394
2751670
3275944
3800216
4324490
4848778
5373082
5897472
6421754
6945986
7470254
7994540
8518856
9043194
9567410
10091708
10615996
11140256
11664540
12188818
12713146
13237448
13761794
14286104
14810418
15334702
15859012
16383286
16907524
17431806
17956100
18480388
19004676
19528930
20053256
20577574
21101872
21626126
22150414
22674580
23198736
23723014
24247406
24771734
25295986
25820322
26344624
26868998
27393312
27917598
28441914
28966234
29490522
30014830
30539148
31063446
31587708
32111984
32636238
33160522
33684808
34209110
34733406
35257684
35781990
36306296
36830580
37354846
37879132
38403418
38927702
39451982
39976252
40500536
41024822
41549108
42073402
42597672
43121956
43646230
44170530
44694824
45219114
45743396
46267686
46791954
47316236
47840538
48364818
48889122
49413412
49937706
50461988
50986276
51510558
52034816
52559052
53083302
53607544
54131796
54656096
55180386
55704672
56228958
56753260
57277542
57801830
58326132
58850418
59374704
59898994
60423272
60947540
61471798
61996060
62520332
63044638
63568914
64093204
64617500
65141782
65666070
66190356
66714660
